,시가,고가,저가,현재가,거래량
0,42650,42950,42500,42500,1570842
1,43300,43450,43000,43000,1324611
2,42000,43000,41800,42950,1818663
3,42600,43150,42000,42650,2119935
4,44500,44500,43450,43500,1775737
5,43200,44900,43100,44050,3207970
6,42900,42900,41850,42300,2341232
7,41900,42100,41700,42100,1193998
8,42250,42300,41600,41800,1167757
9,42000,42200,41850,42200,969434
10,42250,42400,41900,42050,2145679
11,41500,41950,41300,41700,1708879
12,42000,42050,41050,41800,2930364
13,39950,40950,39700,40950,1847567
14,40000,40450,39500,39800,1396180
15,39200,39750,38700,39400,2003481
16,40100,40550,39000,39000,2688956
17,40500,40850,39850,40100,3287643
18,39150,40600,39150,40450,2807999
19,42300,42500,40550,41100,3423688
20,41500,42050,40250,40750,3762796
21,42500,42550,40200,41450,4241958
22,36900,39150,36500,39150,4179097
23,36050,36800,35600,36000,3367606
24,36500,38300,36450,38000,4623584
25,38100,38600,34900,35450,5640126
26,39950,40500,38000,38000,3745813
27,39200,41650,39000,39650,4684902
28,42950,43400,41000,41000,4531444
29,40000,43900,39250,42700,5773939
30,43100,44250,42000,43100,4624793
31,46000,46100,44200,44350,3413664
32,44800,46200,44750,45500,5812655
33,46000,46650,45500,45500,3515886
34,48000,48250,47350,47450,3419692
35,49000,49250,48450,49050,2588823
36,46100,48600,46050,48200,3658066
37,47850,48350,46600,46600,3308530
38,45650,46900,44900,46000,4067855
39,46500,47000,45550,45550,3872934
40,48100,48600,47500,47550,2079918
41,48150,49000,48100,48100,3118050
42,47950,49700,47950,49600,3759466
43,49300,49600,48500,48700,3559473
44,50200,50800,50200,50400,1931325
45,51400,51800,50900,50900,1875311
46,50700,51500,50000,51100,2681487
47,52100,52300,51000,51000,2581442
48,52900,53000,52500,52500,2330946
49,51600,52800,51400,52700,3009997
50,51400,51900,51100,51400,2076607
51,51200,51400,50500,50900,1951794
52,51000,51600,51000,51000,2090150
53,50300,51000,50100,51000,1900584
54,51300,51600,50700,51200,1991501
55,51000,51300,50600,51300,2322521
56,51300,51400,49800,50700,2396249
57,48300,49800,47900,49650,2804961
58,46700,48400,46500,47750,2541142
59,48000,49000,47500,47500,2976123
60,49500,49550,47950,47950,2526970
61,49750,50200,49450,49600,2066704
62,48400,49200,48300,49100,3157911
63,51600,51700,50000,50300,2419343
64,50300,51900,50300,51100,2775348
65,51600,52100,51000,51000,2591716
66,51100,52500,51000,52200,3405491
67,50700,51200,50400,50900,2192507
68,48750,50500,48700,50400,1734748
69,49100,49700,49000,49250,3151318
70,49600,50600,49500,49750,3776068
71,48850,49500,48450,49500,2297331
72,48750,49300,48000,48550,2342259
73,48000,48500,47300,48400,2643434
74,46400,47500,45900,46700,3625223
75,45800,46600,45750,46300,1655637
76,44950,45700,44700,45700,1212706
77,46150,46600,45350,45650,1892001
78,45750,45950,45150,45600,1512362
79,45600,45850,45400,45400,1913850
80,45400,46200,45300,45700,1400514
81,45000,45300,44700,45300,1119201
82,45100,45350,44900,44900,987529
83,45450,45850,44850,45100,1268063
84,45650,45800,45000,45150,2658532
85,45950,46900,45700,45750,3214033
86,46500,46950,46050,46700,2691398
87,46000,46600,45450,46500,2426141
88,44900,45100,44550,45000,1851324
89,44300,44900,44050,44900,2534594
90,42550,43600,42550,43600,1714165
91,42350,42350,42100,42200,750327
92,41900,42250,41650,42000,735751
93,41900,42200,41750,41900,1021251
94,41350,41850,41100,41750,1233398
95,41200,41500,40800,40900,1236208
96,40950,40950,40350,40900,1347956
97,41050,41200,40750,41100,1058152
98,41150,41500,41100,41300,654720
99,41600,41700,40500,40850,1452647
100,41850,42100,41650,41700,1064367
101,42000,42350,41950,42250,1407280
102,42400,42900,42300,42300,4426145
103,41950,42700,41950,42050,1359949
104,41250,41800,41200,41650,1081731
105,41900,42150,41000,41100,1236496
106,42750,43100,42100,42350,1066683
107,42850,43050,42350,43050,1192981
108,42800,43200,42800,42950,1578051
109,42350,43150,42350,43100,1492581
110,42300,42550,42200,42350,1116878
111,42400,42700,42400,42700,499397
112,42500,42800,42200,42800,861066
113,42700,42700,42200,42400,1184839
114,43600,43750,42150,42600,1403874
115,43500,43550,43100,43500,998055
116,43250,44000,43250,43600,1278143
117,43000,43600,42850,43600,1889256
118,42000,43000,41900,43000,1554596
119,41300,42000,41050,42000,1003590
120,41300,41650,40750,41050,1209593
121,40850,41100,40500,41100,815073
122,41500,41650,40900,41000,1233212
123,41450,41650,41300,41400,700553
124,41300,41650,41100,41450,1126319
125,41800,41950,41150,41650,1044017
126,41250,41500,41050,41400,1066921
127,40800,41500,40700,41500,1531234
128,40300,40650,40300,40600,566652
129,40700,41000,40200,40300,1786920
130,40650,41000,40600,40900,1141410
131,40700,41100,40700,41100,1720313
132,40600,40750,40450,40600,920522
133,40700,40950,40500,40600,1187934
134,39950,40150,39650,40000,934708
135,39400,39850,39050,39650,1540954
136,39250,39800,39000,39650,643953
137,39500,39800,38950,39000,310783
138,38450,39800,38400,39100,2465552
139,38900,39100,38800,38900,1349938
140,39700,39850,39300,39500,949993
141,39000,39850,38900,39500,2243443
142,39600,39850,39300,39300,1117856
143,40250,40450,40100,40200,1521424
144,40000,40400,40000,40200,1334686
145,40500,40700,40150,40700,1219310
146,40850,40950,40550,40750,952559
147,40600,40950,40550,40950,2815902
148,39800,40850,39700,40550,1545963
149,39100,39850,39050,39850,1224943
150,39200,39250,38800,39200,1195914
151,39750,39750,38700,39100,1610981
152,39200,39400,39050,39200,866301
153,38900,39200,38900,39150,1268271
154,38750,39150,38700,39100,758639
155,38600,38750,38350,38550,653390
156,36950,38300,36950,38150,1279528
157,36050,36700,35950,36700,809171
158,36350,36400,36000,36200,1351316
159,36900,37100,36400,36400,395516
160,36200,37050,36200,36850,1334135
161,36450,36650,36000,36000,1200568
162,36550,36650,36350,36450,691217
163,36000,36550,36000,36400,1793089
164,35800,36100,35650,35900,1431303
165,36350,36600,36300,36350,863221
166,37100,37100,36600,36700,1145841
167,36950,37150,36750,37000,1359053
168,36650,37150,36100,37050,2139235
169,36550,36600,36100,36100,870410
170,36400,36400,35600,36350,1022963
171,36000,36400,35800,35850,995544
172,36000,36000,35500,35500,1104126
173,36250,36250,35800,35800,425875
174,35700,35900,35500,35500,851946
175,35750,35900,35350,35400,1276726
176,35750,35950,35550,35550,1421097
177,34500,35800,34500,35450,1873809
178,35950,36100,35450,35800,1506671
179,35950,36800,35950,36000,1707816
180,36500,37000,36450,36600,1624129
181,37750,38050,36850,37000,1729492
182,38100,38400,37500,38050,557174
183,38600,38600,37900,38100,823962
184,38500,38800,38000,38600,1109660
185,38400,38900,38200,38600,1106596
186,38600,38800,37650,37700,1302658
187,38800,39100,38650,38850,718160
188,38550,38800,38350,38550,580156
189,38250,38700,38100,38500,720571
190,37950,38050,37650,37750,292829
191,37800,38000,37600,37950,733582
192,38050,38500,38050,38350,814095
193,38200,38650,38150,38500,488328
194,38550,38600,38050,38400,749296
195,38250,38550,38250,38500,782851
196,37400,37950,37400,37850,863345
197,36550,37300,36550,37300,794892
198,36800,36850,36350,36750,659187
199,38000,38000,37150,37350,637309
200,37500,38150,37500,38000,475720
201,37400,38050,37400,37800,1182527
202,37950,38350,37600,38150,746740
203,38300,38500,38000,38350,836761
204,38150,38450,38050,38250,1603604
205,37600,38150,37600,38000,1399856
206,37500,37900,37450,37900,1084885
207,37200,37750,37200,37450,1191421
208,37500,37650,37050,37550,741107
209,37650,37750,37400,37450,2893202
210,37050,37650,36600,37650,1887412
211,37000,37150,36600,37050,1130239
212,35500,36400,35300,36400,1384814
213,36250,36250,35500,35650,1402138
214,36250,36400,35900,36300,1254622
215,36500,36600,35750,36200,1988984
216,36800,36850,36150,36750,1527004
217,36850,36900,36400,36850,1073643
218,36550,36800,36100,36800,1279168
219,35800,36350,35700,36250,1420090
220,36150,36550,35850,36050,2009572
221,35400,35650,35150,35650,881135
222,35000,35900,34950,35900,1475855
223,34800,34900,34350,34800,2215173
224,33650,34650,33650,34450,1250004
225,33400,33800,33100,33450,1794255
226,34050,34650,33800,33900,4397225
227,34150,34500,34000,34250,558669
228,34950,35200,34250,34250,709398
229,34900,35300,34650,35300,1114890
230,35000,35100,34200,35000,940190
231,34000,35700,33950,34800,1717035
232,33200,33950,33150,33700,1132816
233,34100,34450,33000,33000,1295494
234,34650,34700,33550,33550,1222704
235,34800,35100,34550,34550,1226441
236,33850,34800,33850,34400,1180044
237,34950,35050,34450,34650,999760
238,34650,35150,34400,35100,1979112
239,35700,35800,34700,34700,1124788
240,36150,36450,35950,35950,1136250
241,37000,37000,36350,36500,1620670
242,37200,37300,36900,37000,593579
243,36900,37350,36850,37200,1031686
244,36950,37200,36600,37200,1217476
245,36450,36950,36250,36900,866894
246,35750,36450,35400,36450,1304339
247,36200,36300,35700,36000,1062285
248,36450,36700,35700,36200,1127270
249,36500,36700,35900,36100,1440697
250,36850,36900,36350,36550,528146
251,37000,37050,36650,36650,799378
252,37800,38000,36700,36950,1210310
253,37850,38100,37750,37950,512469
254,38100,38100,37600,37700,460640
255,37800,38100,37750,38000,662616
256,37400,37750,37200,37700,580459
257,37650,37650,37250,37500,617457
258,37700,37900,37300,37400,1110628
259,37500,37900,37200,37900,613959
260,37850,37900,37200,37700,731078
261,37900,38050,37650,37750,417733
262,37300,37800,37300,37800,703782
263,37100,37700,36950,37550,957957
264,36750,37150,36600,37000,1045646
265,36450,36600,36250,36400,1329707
266,36150,36450,35900,36250,1373520
267,36100,36600,36050,36500,991436
268,36350,37000,35850,36800,1291432
269,36600,36650,36150,36550,1122801
270,36000,36700,36000,36500,1114426
271,37800,38200,37250,37850,1546981
272,35600,37350,35400,37350,2064463
273,35000,35600,34650,35300,1203655
274,34750,35200,34600,35200,951256
275,34300,35150,34300,34900,946328
276,34800,35250,34800,34900,4793498
277,35000,35450,34850,35000,1032080
278,35350,35650,35000,35300,492846
279,35100,36000,35100,35500,786558
280,35550,35600,34750,34750,1162079
281,35850,35900,35100,35150,1134391
282,35250,36250,35200,35900,1018449
283,35550,35650,34900,35600,1406117
284,36200,36600,35250,35700,1038845
285,36750,36900,36000,36250,2086627
286,36700,37050,35900,36000,6438669
287,37550,37800,37300,37400,1185647
288,37750,38000,37250,37650,1167035
289,38000,38000,37600,37950,638656
290,37800,37950,37300,37950,598749
291,37850,37900,37200,37900,1101511
292,37200,37800,37150,37800,1823365
293,37200,37200,36600,36600,784726
294,37200,37450,36750,36900,1041468
295,37500,37850,36850,36850,989865
296,37600,38000,37300,38000,1140691
297,37600,37800,37250,37600,939470
298,36000,37150,35750,37150,1309115
299,35500,36100,35400,36000,1262820
300,36800,36850,35850,36050,924230
301,37500,37800,37150,37200,859283
302,37000,37850,37000,37500,1267459
303,37450,37900,37050,37500,2574883
304,36500,37550,36500,37250,1787763
305,36500,37100,36350,37100,1885222
306,37050,37450,36750,37200,998838
307,36500,37200,36100,37200,1727856
308,34900,35900,34900,35900,1391887
309,34800,35300,34600,35150,1917182
310,35300,35550,34850,35300,2170052
311,35400,35650,34950,35650,2294825
312,35050,35350,34650,35150,1929736
313,34450,35000,34200,35000,2179326
314,34050,34350,33550,34350,1388226
315,33050,33850,32750,33850,1502321
316,32900,33100,32650,33050,1099766
317,32550,33100,32350,33100,1253321
318,32350,32650,32050,32450,2272279
319,31350,32500,31350,32500,1829977
320,31500,32100,30900,30900,1228454
321,30800,32350,30750,32100,1500454
322,30400,30850,29750,30450,1153869
323,31450,31450,30200,30800,743231
324,32700,32800,31300,31600,944879
325,31450,31800,31250,31750,863411
326,31450,31650,30550,31400,1289519
327,30600,31100,30550,31000,1073202
328,31100,31250,30800,31000,1266015
329,31100,31450,30650,31450,3023387
330,31400,31800,31150,31150,1541156
331,32000,32350,32000,32100,1237297
332,31500,32200,31500,32200,1294108
333,32000,32850,31900,32350,1885649
334,33100,33350,31900,32300,2448443
335,33050,33450,33000,33450,2153877
336,33050,33400,32750,33100,1031994
337,33150,33400,32600,33200,1287330
338,33300,33500,32900,33150,2028948
339,33550,34000,33300,34000,1903316
340,33850,33850,33050,33050,1362683
341,34150,34150,33650,33950,1055636
342,34900,34900,33850,34600,1638704
343,34450,35000,34150,35000,1852699
344,34500,35150,33650,33750,3660773
345,34700,34900,34350,34600,3873549
346,34300,34550,34250,34400,1555242
347,34400,34650,34200,34550,1004173
348,34350,34550,34250,34300,590777
349,34050,34350,33850,34250,729683
350,34400,34450,34050,34150,746599
351,34050,34300,33650,33800,2182575
352,34550,35000,34350,34400,2476205
353,35900,36400,35550,35850,1199397
354,37100,37100,36100,36400,1485144
355,37000,37200,36400,36750,1005546
356,37500,37500,36750,37050,878265
357,36600,37350,36500,37350,808454
358,36800,38100,36700,37500,851868
359,37000,37300,36700,37150,1244316
360,37200,37200,36550,36550,904445
361,36050,36800,35900,36500,1024744
362,36200,36250,35500,36000,633364
363,36100,36400,35800,36200,877907
364,35800,36500,35500,36400,916472
365,35750,35750,34850,35200,1532337
366,35500,35750,34400,35750,2121637
367,33450,35400,33450,35100,1380950
368,33550,34500,33250,34000,877243
369,33600,33750,33000,33750,987715
370,33500,33700,33150,33400,911599
371,34600,34900,34050,34300,749719
372,35250,35450,34700,34900,1106957
373,35050,35550,35000,35300,437227
374,35450,35800,35200,35800,543771
375,35900,35900,35400,35800,484319
376,35950,36100,35500,35900,398999
377,35350,35550,34900,35550,755048
378,35900,35900,34800,35250,841475
379,34350,36100,34350,35800,903246
380,35000,35650,34300,34650,1976912
381,36350,36650,36000,36200,1428427
382,35850,36250,35750,35950,1666571
383,36500,36700,35800,35850,1462510
384,37000,37100,36000,36450,1074508
385,37800,38050,37000,37050,397528
386,37800,38050,37450,37950,926264
387,38400,38450,36950,37850,2268872
388,38200,38400,37700,38400,2081294
389,37950,38500,37550,38500,1868001
390,37650,38200,37300,38050,1960977
391,36850,37250,36550,37150,895007
392,35850,36950,35650,36500,1275845
393,36500,36600,35900,36000,463299
394,35800,36650,35750,36650,704944
395,35500,35950,35050,35100,1681004
396,36150,36200,35600,35600,794199
397,36150,36550,35950,36050,1022169
398,35750,36400,35700,36400,1712169
399,36400,36500,35850,36100,1747393
400,37700,37800,37200,37200,640228
401,38700,38700,37950,37950,964442
402,38850,38950,38700,38950,727071
403,39500,39500,38650,38800,459331
404,38850,39700,38650,39700,1525103
405,38700,39350,38550,39100,1347714
406,38650,38700,38150,38700,1255513
407,38450,38500,37950,38450,987181
408,38350,38400,37900,38200,1067319
409,38050,38150,37600,38050,682736
410,37850,38150,37300,38150,1481776
411,37500,38200,37050,38000,1240229
412,35850,37000,35850,37000,1030578
413,35950,36450,35700,36050,587065
414,35950,36350,35850,35850,1232567
415,36000,36300,35600,35600,1374624
416,36500,36900,36500,36850,638309
417,36500,36700,36350,36700,902625
418,37850,37850,36600,37000,1338025
419,38400,38450,38000,38000,729608
420,38350,38400,37900,38400,882441
421,37950,38250,37750,38100,2031888
422,37900,38100,37700,38000,1042488
423,38150,38150,37450,37900,949743
424,38400,38450,37500,37800,1150157
425,38250,38400,37850,38400,1539219
426,37900,38250,37250,38250,1715775
427,37500,38350,37450,38350,839274
428,37400,38450,37300,37800,645003
429,37200,37500,36650,37400,1560792
430,37500,37600,36750,37100,672547
431,37050,37550,36900,37400,809453
432,38150,38150,37100,37200,917948
433,38000,38400,37500,38400,784231
434,38150,38150,37650,38050,544934
435,37500,38000,37300,37900,1393504
436,37500,37500,36850,37000,1308453
437,37450,37700,37150,37150,917573
438,36400,37350,36400,37350,1691911
439,36600,36800,36000,36400,1527750
440,37350,37350,36400,37000,1249437
441,36950,37350,36850,37350,1476563
442,36500,36950,36350,36500,1090331
443,36950,37000,36050,36350,1522503
444,36700,37050,36550,37050,465068
445,37050,37400,36600,36800,761142
446,37150,37350,36800,36800,938133
447,37900,38050,36650,37100,865076
448,36600,37650,36600,37650,1816522
449,37000,37800,37000,37200,1475939
450,37850,38650,37700,38250,1325150
451,37000,38200,37000,37800,1410723
452,37900,37900,37100,37500,1365551
453,37100,37450,36400,37450,1862272
454,37800,37900,37150,37150,1332203
455,37500,37750,37000,37100,1083287
456,37300,37650,36650,37000,1625303
457,37800,37900,36750,37200,1808988
458,39100,39150,37800,37800,2613261
459,38850,39150,38600,38750,1808428
460,39700,39700,39100,39150,1136748
461,40250,40250,39500,39700,1788156
462,40600,40750,39650,40350,1534793
463,41100,41250,40400,40500,1230426
464,40700,41000,40350,40900,832953
465,40400,40900,40200,40900,1016574
466,40600,40900,40250,40700,976217
467,39750,40500,39600,40500,4822847
468,40150,40450,39000,39000,1695460
469,41250,41500,40600,40600,726198
470,41700,41900,41200,41350,1210952
471,40400,41950,40050,41700,2459296
472,40900,40950,40400,40400,829264
473,40350,41250,40250,40800,1946233
474,39650,40050,39200,39750,840825
475,39050,39800,38950,39800,900490
476,40100,40100,38750,38750,1097958
477,39600,40050,39350,39700,994494
478,40500,40550,39200,39300,1544319
479,41000,41050,39750,40500,1488726
480,41500,41600,40850,40950,835958
481,41150,41350,40300,40950,1600837
482,42000,42250,40550,40550,1422660
483,42950,42950,41250,42000,2809669
484,42500,43000,41050,41050,2214624
485,42500,42500,42500,42500,0
486,42500,42500,42500,42500,0
487,42500,42500,42500,42500,0
488,43100,43500,42240,42500,2313750
489,41000,42220,40980,42180,1321350
490,40440,41040,40440,40980,941150
491,42040,42060,41000,41240,1097850
492,41320,42200,41300,42040,794750
493,42320,42620,41840,42100,968100
494,42400,43120,42200,43020,2173900
495,41000,42100,40800,42100,1943250
496,41060,41260,40540,40540,868400
497,40900,41200,40740,41200,990200
498,40980,41180,40680,40760,1093800
499,40540,40780,40360,40760,443100
500,40840,40880,40100,40380,581750
501,40620,40620,39940,40320,1130250
502,40020,40740,39960,40700,728050
503,40000,40600,39720,40240,1442850
504,39520,40880,39460,40800,1226700
505,40140,40160,39060,39180,822200
506,39820,40080,39400,40080,965950
507,40700,40700,40100,40180,400800
508,40860,40980,40620,40800,452400
509,40180,40660,39760,40500,845400
510,40200,40580,39740,40180,1319500
511,41340,41360,40400,40720,1308800
512,40200,41120,39940,41120,1090700
513,41200,41460,40340,40600,1439600
514,42300,42680,42080,42140,1549000
515,42340,42400,42020,42120,1942200
516,41440,42000,41320,42000,1033300
517,41900,42100,41520,41640,973500
518,42160,42240,41160,41900,2901350
519,42880,43060,42340,42380,1007600
520,42900,43180,42700,42880,992350
521,42540,43380,42400,43380,1496200
522,42340,42340,41600,42100,783700
523,40800,41740,40720,41600,1216950
524,40640,40700,40100,40500,718400
525,40140,40700,39140,40300,1674900
526,38080,39140,38080,38920,1176550
527,38320,38680,37580,37700,1412150
528,39000,39020,38400,38420,1860900
529,39660,40220,39600,39900,2392550
530,40120,40500,39820,39820,1623850
531,39920,39940,39480,39620,1087700
532,39240,40020,39240,39500,1936300
533,39600,39880,39440,39500,1228000
534,40500,40500,39280,40020,1587950
535,40820,40900,40140,40400,2077000
536,41760,41760,40180,40740,1740500
537,40400,41000,40060,40740,1742200
538,38780,39920,38240,39700,2444450
539,37200,38340,36900,37600,1778450
540,37200,37500,36660,36780,1687350
541,37520,38360,37520,38100,2016750
542,39840,39900,37620,37620,2083800
543,38360,39640,38340,39160,2134250
544,38680,39980,38180,39560,1916650
545,41000,41040,39460,39460,3432750
546,42740,42740,41020,41180,2652000
547,40960,44300,40760,42180,4982900
548,42000,42000,40660,41000,1764900
549,42000,42080,41580,42080,1859650
550,41180,41420,40760,41400,1645450
551,40120,40960,39980,40960,1173400
552,40000,40540,39900,40240,1352000
553,39700,40200,39480,40200,1425950
554,39700,39800,39140,39560,2018900
555,41000,41220,40000,40000,2300750
556,40440,41320,40420,40940,2024500
557,40600,40760,39800,40240,1417950
558,39800,41000,39720,40800,1869100
559,39240,39840,39100,39540,1403000
560,39960,39960,38220,39160,2320150
561,39000,39420,38300,39340,2101150
562,41080,41200,39080,39080,3303100
563,41200,41700,40200,40880,2223550
564,42100,42340,41580,42060,2389450
565,41800,42260,41620,42260,1430050
566,42240,42260,41360,41800,2001250
567,42200,42620,41720,41800,1420850
568,41920,41940,41160,41940,1097000
569,40320,41800,40260,41800,1784050
570,39400,40220,39400,40060,921550
571,40060,40200,39160,39160,1427100
572,39400,40100,39300,40040,1460400
573,40540,40700,39120,39120,1861800
574,41360,41360,40540,40540,1500300
575,41100,41540,40980,41200,2029350
576,40800,40900,40200,40760,1392900
577,41380,41480,40540,40540,2396200
578,41140,41580,41140,41380,1828650
579,41700,41760,40960,41120,1364100
580,41520,41900,41520,41700,1451650
581,42140,42140,41500,41500,1068750
582,41400,41760,41300,41500,2508800
583,40040,41040,40040,40500,2584700
584,41580,41580,40040,40040,1906700
585,41100,41660,40900,41320,1349450
586,41920,42380,40880,41580,2792400
587,41920,42720,41660,41920,2460550
588,41600,41920,41060,41920,5883700
589,42980,43080,42360,42600,1351400
590,42740,43020,41640,42980,2350750
591,45040,45040,42720,42740,2769400
592,44840,45080,44460,45080,969400
593,45500,45500,44600,44800,1118650
594,44680,45560,44620,45560,1973000
595,44100,44400,43960,44140,1262600
596,44100,44340,43880,44100,1308050
597,44420,45220,44000,44000,2734550
598,43940,44400,43940,44000,2698650
599,44500,44680,43700,43960,2145750
600,56380,56740,55920,55920,6725000
601,56400,56800,56100,56380,8806650
602,55800,56540,55780,56400,6748800
603,56920,56920,55900,56340,11994050
604,56100,57060,55860,56760,8520200
605,56380,56920,55860,56100,7464550
606,56380,56500,55340,56380,9000950
607,57060,57140,55860,56380,9935800
608,57500,57520,56760,57060,10721050
609,57500,57500,56180,57220,14510250
610,54060,55440,53500,55080,13381550
611,53780,54320,53700,54040,8196150
612,52400,53320,52140,53080,7392500
613,53720,53900,52400,52400,9776550
614,54040,54420,53700,53900,5882850
615,54700,54780,54040,54040,5806050
616,54600,54640,54000,54300,8311050
617,52800,54100,52800,53840,8027050
618,54700,54700,52980,52980,12108700
619,54820,55240,54040,54760,10110750
620,54020,55380,54000,54800,10607800
621,53980,54860,53760,53920,9769950
622,54540,54840,53780,54000,12601650
623,54840,55160,54100,54800,13890700
624,53600,54760,53340,54640,13652150
625,53360,53640,52800,52800,20519800
626,51180,51620,50840,51280,12909400
627,52260,52460,51260,51260,12025450
628,52000,52200,51500,51680,10797000
629,53020,53120,51560,51660,17057200
630,53000,53680,53000,53620,9303100
631,52960,53600,52460,53000,13922400
632,52220,52960,52220,52800,8839800
633,52120,52500,51840,52220,9292750
634,52500,52640,51780,52120,9850400
635,50540,52480,50520,52480,11524950
636,50300,50560,49860,50400,10757300
637,50060,50320,49760,50300,14204750
638,49820,50400,49440,49620,9357000
639,50200,50220,49140,49600,12029750
640,49700,50180,49500,49800,10374750
641,48700,49180,48580,49080,10893000
642,47000,48220,47000,48120,9676500
643,46760,47180,46700,47000,10811050
644,46240,46900,45960,46760,11716100
645,45780,46360,45500,46040,7943500
646,46460,46640,46300,46480,10641700
647,46220,46640,46000,46320,11011700
648,46380,46400,45960,46200,7513000
649,45640,46080,45160,46080,12623650
650,47020,47240,45960,46100,9962100
651,47880,47880,46720,47020,11243550
652,47520,47660,47340,47520,8657450
653,47780,47780,47180,47480,9384700
654,46820,47160,46700,47000,7381750
655,47240,47240,46580,46840,5103450
656,46760,47240,46240,46900,10477950
657,46960,47300,46740,47040,12415850
658,46220,46380,46000,46200,21913650
659,45120,45400,44720,45000,19185600
660,45120,45300,44220,44620,25407300
661,46200,46320,45460,45900,22986150
662,47400,47400,46240,46280,14555400
663,47980,48260,47480,47720,7979600
664,47500,48080,47440,47580,7218250
665,48160,48180,47500,47700,8359200
666,49000,49000,47120,47780,15540800
667,49200,49340,48600,49000,7777450
668,48000,48840,47540,48600,11369500
669,47420,48240,46920,48200,12701400
670,49800,49800,47380,47760,26168300
671,50000,50640,49560,49800,11449500
672,49600,50020,49300,49840,11224800
673,50500,50760,49940,50000,10810600
674,50700,51000,50620,50860,7099750
675,50860,51160,50520,51080,8449050
676,50760,51320,50560,51200,8367600
677,50620,50820,50000,50740,11157500
678,50420,50880,50360,50840,7084450
679,50900,51020,50520,50640,8976100
680,51000,51080,50420,50480,8239000
681,50080,50940,50040,50560,16034150
682,49000,50000,48840,49880,9486150
683,48640,49000,48280,49000,9717800
684,48500,48900,48320,48660,10792750
685,47740,48120,47620,47860,8131900
686,48000,48100,47720,48060,10923050
687,46820,47680,46780,47580,10640250
688,47160,47400,46900,47000,7961000
689,47500,47780,47120,47220,6805550
690,47500,47620,47100,47540,11877550
691,48040,48320,47940,47940,8306550
692,47600,48000,47560,47700,9572500
693,48220,48400,47900,48300,9616750
694,47520,48360,47520,48280,8552800
695,47600,47780,47420,47620,9515100
696,47960,48080,47720,47960,11455800
697,47740,48120,47480,47480,9973650
698,47240,48140,47220,48140,15045000
699,45580,46560,45560,46560,11303900
700,45500,45940,45460,45580,17403450
701,45680,45920,45180,45680,9657000
702,45800,46060,45240,45360,10166700
703,45140,45620,45140,45400,8624900
704,45420,45600,45140,45380,10954300
705,45680,46440,45600,46100,11732850
706,45000,45580,45000,45160,13978750
707,46500,46500,45240,45300,13729400
708,46040,46360,45720,45940,7599400
709,45060,45960,45000,45960,12488750
710,44860,44900,44400,44680,9753500
711,44580,45020,44400,44700,18669100
712,45520,45660,44480,44640,12433600
713,46220,46400,45380,45620,8739550
714,45600,46460,45540,46080,13613650
715,45160,45680,44800,45680,13044800
716,44860,45300,44800,44880,8675400
717,45400,45580,44900,44920,12607050
718,45040,45380,44760,45100,17643550
719,45640,45780,44720,44720,15762350
720,45740,46000,45540,45940,11160350
721,46120,46640,46100,46340,7424450
722,46660,46800,46100,46380,8803750
723,45620,46280,45620,46100,8001400
724,45760,46160,45660,45820,9422900
725,45420,46180,45220,45500,21277850
726,46160,47220,45600,45600,23410950
727,45520,47020,45340,47020,19582550
728,45700,45700,44860,45520,13690100
729,45500,45500,44760,44900,14068300
730,45780,45800,44520,44620,22685700
731,42700,44520,41960,43840,23032250
732,42700,42800,42520,42800,14794800
733,41460,42740,41320,42700,19299600
734,41260,41260,40920,41240,8990150
735,40480,41400,40480,40760,15130500
736,40580,40800,40080,40280,21148850
737,41300,41420,40900,40900,11762900
738,41680,41820,41280,41500,6860650
739,42000,42080,41520,41560,5224750
740,42160,42260,41760,42020,5462850
741,41660,42460,41660,42420,9040800
742,41860,41940,41700,41900,8274900
743,41940,41940,41580,41600,7172900
744,41940,41940,41500,41940,7141350
745,41800,41820,41160,41600,10021000
746,42000,42080,41600,41840,9683400
747,41900,42240,41700,42140,10699700
748,41600,42180,41520,42080,12255500
749,41400,41720,41300,41440,9579400
750,41820,42020,41200,41200,10500300
751,41880,42440,41880,41980,8204000
752,41740,41960,41580,41780,10093250
753,41560,41840,41380,41480,8216250
754,41200,41880,41180,41200,12177650
755,41600,41980,41080,41500,12808150
756,42200,42360,41700,41800,15397100
757,41600,42460,41580,42460,16427250
758,41780,42680,41760,42560,14220150
759,42000,42120,41740,41900,10250050
760,41800,42500,41720,42400,12602300
761,41800,42180,41540,41840,9933150
762,40800,41440,40800,41400,9587850
763,40620,41540,40500,41360,11325050
764,40040,40980,40040,40600,7424100
765,39960,40420,39860,40180,10227800
766,40200,40300,40020,40200,14372250
767,40200,40620,40140,40200,12140950
768,39800,40320,39800,40200,10553250
769,39220,40220,39220,40080,12234850
770,39340,39720,39160,39620,12708700
771,38420,39860,38420,39720,21249800
772,38060,38760,37960,38440,15088700
773,38020,38140,37700,38060,9033700
774,38960,39100,38060,38220,9296850
775,39020,39440,39020,39180,10217300
776,39000,39340,38980,39300,8539450
777,38540,39560,38420,38940,10562600
778,38220,38780,38160,38660,7485800
779,37560,38040,37280,37860,15377450
780,37800,38360,37780,38020,10226350
781,37080,37960,37080,37720,14191550
782,37960,38260,37320,37580,13124150
783,37740,38060,37720,37960,11102050
784,38400,38760,38300,38360,11020750
785,38780,38840,38220,38400,13694150
786,38740,38780,38200,38400,17092950
787,39560,39580,38760,38820,14041800
788,39580,39660,39140,39560,8860700
789,39400,39500,39180,39460,10386350
790,39600,39660,39200,39360,15029300
791,39540,39660,39040,39120,14150400
792,39900,39900,39460,39460,17992200
793,39420,40000,39420,39900,15214500
794,38340,39400,38320,39400,13433850
795,38120,38580,37880,38160,11048750
796,37200,38060,37000,38060,8810400
797,37120,37420,36880,37200,9185000
798,37720,37920,37020,37480,9418900
799,37040,37500,36620,36940,8875400
800,36580,37460,36580,36960,8150700
801,36860,37820,36320,36660,16611500
802,38100,38320,37460,37460,15954450
803,38000,38800,37980,38800,11669150
804,37520,38560,37420,38280,12018150
805,37280,37400,37080,37240,9099800
806,36600,37500,36560,37220,13194900
807,36180,36440,36040,36200,8880950
808,36060,36060,35540,35560,10967450
809,36500,36520,36100,36160,7971750
810,36280,36620,36020,36480,7357650
811,35980,36240,35880,36100,4650600
812,35420,36040,35400,36040,7516450
813,35840,35980,35600,35760,6662900
814,35980,36200,35860,35980,4653450
815,35600,36000,35560,35960,4823600
816,36020,36080,35600,35640,8334850
817,36260,36300,35980,36180,6354600
818,36360,36600,36020,36100,6552100
819,35920,36400,35840,36240,7615200
820,35620,36380,35620,35900,5435800
821,35300,36020,35200,35860,11747700
822,34820,35500,34820,35180,5773550
823,35560,35680,35280,35540,7455100
824,34620,35440,34620,35320,11684450
825,34660,35360,34660,35040,11414450
826,35900,35900,35400,35600,10652450
827,35980,36020,35520,35800,16462550
828,35040,35480,35040,35440,9603650
829,34440,35200,34400,34960,14001800
830,34340,34680,34220,34360,8484600
831,34480,34760,34140,34540,15352950
832,34800,35060,34660,34980,15535350
833,33540,34940,33540,34920,28535200
834,33800,33960,33380,33540,18081300
835,33000,33620,32800,33540,13294050
836,32820,33040,32660,33000,6276900
837,32980,33040,32660,33000,7757150
838,33220,33220,32520,32980,12668600
839,32140,32900,32000,32800,9751100
840,31300,32120,31300,31860,8180200
841,31640,31760,31400,31720,9460750
842,31100,31520,30900,31360,7870550
843,30800,31280,30800,31160,13308200
844,31060,31620,30780,30780,13665700
845,31900,31920,31040,31060,15133300
846,31700,32360,31700,31960,12836800
847,32600,33000,32360,32980,11795350
848,32920,33140,31820,31920,15683600
849,32980,32980,32700,32880,5417450
850,32940,33000,32680,32800,7661900
851,32100,32680,32100,32540,7103850
852,32600,32800,32120,32320,10341850
853,32800,33040,32620,32860,10099250
854,32600,33040,32240,33040,10347400
855,32320,32780,32220,32780,12067200
856,31600,32280,31600,32280,10214200
857,31420,32340,31120,31460,14117000
858,31940,31980,31240,31340,10534000
859,32000,32080,31840,31940,9866100
860,31860,32160,31800,32160,9289950
861,32120,32260,31760,31780,10477500
862,32520,33020,32180,32400,10330450
863,31580,32860,31500,32500,15444550
864,31440,31900,31440,31780,10384500
865,31300,32040,30760,31800,12785200
866,30960,31760,30940,31540,14158950
867,31000,31620,30900,31140,21864550
868,29900,30900,29880,30700,39088550
869,32000,32500,30900,30900,38427150
870,33000,33780,32560,33600,25293300
871,34000,34320,33800,34120,26050550
872,33920,34000,33340,33820,29558150
873,32020,32520,31940,32380,12470450
874,32200,32480,32120,32280,13053100
875,31800,32300,31700,31960,11762700
876,31460,32380,31440,32000,11397550
877,31080,31460,31080,31340,8706400
878,31000,31500,30660,31380,9834400
879,31420,31920,31280,31360,14524800
880,31640,31960,31320,31420,18299650
881,32000,32820,31980,32360,11429950
882,31900,32020,31520,31840,10509050
883,31180,31760,31180,31700,12921150
884,30760,31380,30720,31160,22408150
885,30160,30980,29900,30540,24717250
886,29800,30120,29120,29300,26499350
887,32220,32360,31280,31500,13258400
888,32460,32780,32280,32780,12070850
889,32960,33040,32420,32420,9591850
890,32140,32900,31940,32860,7660150
891,31800,32300,31700,32120,8383800
892,31900,32260,31760,31940,8153000
893,31660,31760,31260,31740,18790150
894,32820,32820,32220,32400,20532200
895,32940,33420,32660,32900,7849600
896,32040,32800,31940,32800,8925750
897,32120,32460,32060,32240,12058000
898,32600,33180,32440,32780,14173800
899,33600,33640,32720,33060,15938550
900,33300,33880,33140,33740,11545700
901,33480,33840,33180,33300,12612200
902,32760,33500,32720,33500,16805150
903,31340,32880,31320,32800,18327050
904,31380,31400,31020,31320,7446450
905,30900,31520,30900,31360,10843100
906,31180,31400,30880,30900,10474850
907,30820,31180,30520,31180,10533600
908,31340,31400,30680,30820,12340350
909,31480,31580,31140,31340,9023200
910,31320,31500,31120,31380,11125150
911,30580,31280,30500,31220,6958850
912,30380,30660,30340,30340,7009950
913,30960,30960,30340,30340,7504900
914,31360,31360,30920,30960,8315800
915,31380,31600,31200,31360,11515400
916,30400,31140,30220,30780,14985600
917,30660,30720,29960,30140,9503700
918,30240,30580,30240,30540,6335050
919,30000,30620,29960,30600,7228500
920,30000,30460,29900,30040,7732500
921,30120,30560,30120,30320,8585150
922,30800,30940,30740,30860,8544700
923,30660,30840,30480,30800,7773150
924,30560,30800,30440,30660,10122250
925,30360,30660,30000,30660,11567200
926,30000,30440,29720,30360,11623150
927,29620,30000,29520,30000,12430250
928,29920,29920,29260,29620,10009900
929,29980,30100,29200,29280,11024700
930,29200,30000,29200,29780,14056800
931,29000,29500,28980,29200,13498150
932,28420,29000,28320,29000,11495200
933,28940,29040,28240,28420,16749150
934,29320,29500,29240,29380,7870350
935,29280,29480,29020,29320,7995000
936,28540,29580,28540,29320,14393600
937,28160,28900,27940,28500,13671700
938,28160,28240,27820,27920,10527050
939,27800,28080,27580,27980,10718950
940,28000,28100,27700,27960,11839000
941,28900,28900,27200,28000,20552600
942,28880,28900,28540,28600,11256300
943,28920,29000,28620,28900,8948250
944,28640,28980,28520,28960,10020550
945,28540,28960,28520,28620,13515800
946,28200,28700,28200,28520,16419700
947,28260,28340,27900,28180,14621550
948,27700,28320,27660,28260,15334450
949,27420,27720,27380,27600,12273050
950,27920,27920,27240,27420,15248300
951,28480,28500,28080,28120,14484050
952,28160,28600,28120,28600,25768750
953,28380,28380,27780,28120,18808100
954,27720,28040,27600,27960,23142150
955,27400,27580,27280,27540,17066200
956,27000,27440,26920,27300,23806950
957,25960,26820,25900,26660,23504000
958,25600,26000,25360,25840,62527700
959,25940,25940,25480,25600,10315350
960,26000,26020,25460,25640,13744550
961,25980,26060,25900,25920,12653650
962,25660,25960,25480,25900,11862750
963,25720,25780,25360,25420,10434600
964,25380,25720,25380,25720,8112550
965,25400,25600,25380,25380,7960550
966,25360,25540,25320,25400,10012450
967,25280,25420,25100,25360,9169600
968,24980,25300,24980,25280,9183550
969,25060,25260,24940,24960,11720150
970,25620,25620,25020,25060,12284900
971,25840,25840,25500,25620,7615100
972,25920,25980,25740,25840,8834400
973,25980,26000,25760,25920,8559550
974,25800,26000,25700,25980,15644700
975,25440,25800,25240,25800,14702750
976,25340,25400,25120,25220,7903300
977,24940,25240,24900,25000,7027600
978,25200,25340,24840,24900,16253900
979,26000,26000,25220,25300,14653450
980,25880,26000,25720,26000,8297300
981,25700,26100,25660,25920,8345050
982,25700,25700,25420,25620,4597850
983,25880,25880,25540,25600,5741500
984,26000,26020,25760,25880,7254450
985,25640,26000,25640,25980,8598600
986,25880,25920,25660,25760,7238300
987,25900,26100,25840,25980,6423700
988,26180,26200,25800,26000,6829950
989,26000,26040,25780,26000,16766350
990,25400,25620,25320,25500,6702700
991,24920,25420,24920,25320,6034650
992,25380,25380,24800,24920,12593400
993,26000,26000,25160,25380,12939750
994,25380,25820,25360,25700,9211700
995,25980,25980,25200,25200,11815950
996,25580,26100,25580,26100,9402300
997,25980,26180,25420,25580,13557800
998,26120,26280,25960,26240,19130750
999,26200,26420,26040,26160,13380250
1000,25880,26000,25700,25800,8622700
1001,25760,26000,25760,25880,6060900
1002,25660,25800,25560,25760,7172300
1003,25580,25800,25320,25640,10939750
1004,25380,25580,25240,25580,9870900
1005,25340,25580,25240,25380,10143600
1006,25480,25580,25160,25340,9058500
1007,25560,25560,25260,25460,11265700
1008,25300,25920,25140,25260,12343450
1009,25120,25260,25060,25120,7342800
1010,25100,25280,24920,25060,8640400
1011,25340,25460,24980,25100,10857700
1012,24500,25060,24320,24980,13361250
1013,24160,24720,24020,24500,14177000
1014,23760,23980,23540,23880,9169000
1015,24460,24480,23720,23840,10810100
1016,24400,24620,24300,24460,6568800
1017,24400,24560,24040,24300,10074500
1018,24260,24400,24040,24400,10949550
1019,24000,24140,23920,23940,11818600
1020,23580,23880,23520,23560,14434000
1021,23600,23740,23440,23440,8867200
1022,23440,23740,23440,23580,6681750
1023,23560,23580,23220,23440,7024200
1024,23580,23780,23460,23620,7383700
1025,23800,23840,23320,23500,8744950
1026,23740,23900,23480,23800,8842600
1027,24060,24060,23560,23740,11124050
1028,23580,24020,23380,23700,12303100
1029,23160,23580,23140,23360,9020050
1030,23080,23200,22880,23080,9157300
1031,22600,23020,22440,22600,12811600
1032,22360,22740,22360,22600,15263100
1033,23120,23380,23120,23280,9404700
1034,23000,23220,22960,23120,12397950
1035,23000,23040,22740,22920,8725350
1036,23220,23320,22940,23120,8317400
1037,23040,23260,23020,23260,12998950
1038,22800,23000,22320,23000,21849150
1039,23280,23360,22780,22900,15795600
1040,22520,23500,22520,23500,13811850
1041,23100,23140,22720,22740,7619950
1042,23440,23520,23120,23240,7995650
1043,22900,23360,22900,23360,7376400
1044,22660,23100,22500,22620,9517600
1045,23200,23200,22640,22760,8352600
1046,22560,23420,22560,23420,10362100
1047,21760,22660,21760,22520,16010700
1048,22800,23040,22480,22640,10473200
1049,22620,22840,22620,22760,10451100
1050,23060,23180,22960,22960,7165800
1051,22960,23320,22880,22920,10314150
1052,23120,23320,22920,23040,12063850
1053,23260,23720,23260,23420,12888150
1054,23320,23660,23020,23260,14119400
1055,24160,24160,23360,23500,18337600
1056,24040,24360,23720,24160,10800100
1057,25200,25200,24100,24100,15346950
1058,25200,25440,25080,25200,10197900
1059,25300,25320,24820,25080,11647200
1060,25700,25780,25320,25320,11361500
1061,25900,26000,25700,25700,7807550
1062,25840,25980,25640,25900,10357400
1063,25600,25840,25340,25840,10309600
1064,25560,25700,25220,25600,8023300
1065,25300,25760,25280,25560,8418450
1066,26020,26160,25500,25800,8733850
1067,25560,26200,25560,25980,10398100
1068,25220,25600,25200,25540,8774700
1069,25460,25460,25100,25220,11140050
1070,25660,25900,25440,25680,10336450
1071,25260,25860,25260,25660,15193350
1072,25240,25500,25240,25260,9090600
1073,25240,25440,25240,25240,6916100
1074,25380,25500,25240,25240,9805350
1075,25500,25600,25340,25380,9635550
1076,25900,25940,25720,25800,8334750
1077,26420,26440,25880,26000,11481400
1078,25880,26440,25760,26420,12605650
1079,26500,26500,25680,25680,26700300
1080,26900,26980,26540,26540,8492700
1081,25980,26800,25980,26700,9290000
1082,26000,26200,25980,25980,7131350
1083,25640,26100,25640,25980,7978000
1084,25700,26040,25620,25640,9941000
1085,25780,25920,25560,25700,8436000
1086,25800,25800,25420,25780,9642500
1087,25440,25800,25440,25620,8386750
1088,25500,25800,25400,25400,9309200
1089,25820,25820,25260,25260,13785250
1090,26340,26340,26000,26000,8883850
1091,26660,26680,26340,26340,7870850
1092,26420,26900,26420,26660,7022450
1093,26720,26820,26280,26420,9877550
1094,26760,26880,26420,26880,9283050
1095,26860,26960,26600,26760,8216100
1096,26600,27080,26600,26840,8652100
1097,27040,27220,26520,26600,14053500
1098,27620,27620,27000,27040,15092000
1099,27700,27860,27480,27660,19327300
1100,26900,27800,26820,27440,25469250
1101,26600,27840,26480,26500,31523550
1102,25880,26160,25820,26160,13565150
1103,25640,25980,25620,25960,6612050
1104,25960,25960,25440,25840,7608250
1105,26000,26000,25560,25780,13153550
1106,25600,25900,25380,25600,11533650
1107,25300,25640,25180,25400,6978350
1108,25200,25460,25120,25320,7517350
1109,25140,25300,24980,25120,5853500
1110,25300,25380,25180,25300,7198400
1111,24880,25640,24860,25380,12425150
1112,24960,25200,24740,25080,8752550
1113,25200,25440,24960,25040,9900000
1114,25200,25260,24940,25200,18948700
1115,25000,25580,25000,25400,28533850
1116,23960,25040,23720,25020,39975100
1117,22600,23100,22540,23020,19149350
1118,22380,22620,22300,22300,12096750
1119,22240,22660,22240,22380,13715100
1120,22800,22900,22420,22680,12052050
1121,22000,22680,21800,22680,22946800
1122,22400,22500,22180,22240,10458000
1123,22520,22700,22500,22520,6636050
1124,22880,22880,22500,22620,9882450
1125,22860,23000,22600,22900,12533750
1126,23260,23460,23000,23000,10267950
1127,22900,23840,22700,23800,21813500
1128,23060,23140,22880,23140,13698000
1129,22420,23140,22420,23040,17188150
1130,22280,22560,22260,22460,11647800
1131,22400,22480,22200,22480,8353650
1132,22520,22660,22300,22300,10208350
1133,22600,22780,22360,22680,18128400
1134,22920,22940,22720,22940,12968800
1135,22260,22720,22120,22620,9116500
1136,22580,22580,22100,22240,9590250
1137,22880,22880,22360,22580,12586700
1138,22040,22460,21860,22440,15257100
1139,21380,21900,21300,21800,15634150
1140,21780,21960,21620,21700,12018600
1141,21420,21780,21040,21780,20415450
1142,21720,21720,21460,21620,23111150
1143,21640,21720,21260,21340,24769400
1144,21360,21480,21000,21340,27947600
1145,21580,22140,21340,21580,19625950
1146,21760,22300,20660,21580,22429600
1147,21980,22560,21920,22020,20442550
1148,23260,23420,22600,22780,10805950
1149,23380,23520,22820,23080,20070750
1150,22360,22820,22340,22620,11583600
1151,22800,22820,22080,22080,11360850
1152,23060,23060,22760,22800,7520550
1153,23000,23280,22800,23080,11154000
1154,23020,23580,22960,23140,11664300
1155,22800,22840,22600,22820,5722500
1156,22400,22740,22300,22720,13787100
1157,23100,23120,22300,22300,20199050
1158,23640,23640,23160,23180,12802500
1159,23500,23740,23400,23640,12844350
1160,23680,23680,23320,23500,9844550
1161,24400,24440,23500,23700,19579450
1162,25160,25200,24300,24300,15419600
1163,25000,25500,24620,25260,13734450
1164,24480,25020,24380,24600,13381350
1165,24580,24940,24560,24600,12152000
1166,24540,24760,24480,24580,9829200
1167,24880,25060,24680,24680,10448250
1168,24880,25200,24700,25060,13416150
1169,25500,25540,24940,25260,9702750
1170,25820,26080,25460,25500,6446400
1171,26000,26220,25560,26100,14861650
1172,24460,25740,24460,25640,11173450
1173,24500,24760,24480,24700,8370650
1174,25300,25400,24420,24500,19989700
1175,25000,25440,24900,25320,7672050
1176,25140,25320,24960,25180,9573400
1177,24600,25300,24520,25300,14030500
1178,24800,25020,24640,24780,11780950
1179,24400,25180,24400,24800,12478250
1180,25060,25200,24460,24600,10099950
1181,25740,25880,25340,25360,7130200
1182,25720,26080,25700,25980,8223000
1183,25360,26040,25180,25900,8324900
1184,25520,25700,25320,25360,9870350
1185,25380,25700,25120,25620,11519950
1186,25040,25800,25040,25560,10347500
1187,25800,26060,25380,25380,10695800
1188,26000,26220,25820,26040,10198000
1189,26180,26560,25820,26420,10159000
1190,25820,25920,25520,25620,6370900
1191,25320,25560,25200,25320,7094750
1192,25180,25580,25020,25300,8247600
1193,25000,25320,24800,25080,9452300
1194,25400,25480,24900,25100,12767600
1195,25100,25480,25100,25400,8067800
1196,25560,25740,25280,25540,11741500
1197,25260,25480,25060,25140,15314050
1198,25640,25880,25240,25240,12501700
1199,26000,26200,25360,25640,13735250
1200,26900,26940,26260,26280,10118950
1201,26500,27100,26400,26820,9828150
1202,26300,26820,26100,26740,19411950
1203,26060,26320,25300,25460,11769400
1204,26000,26060,25760,26060,8757550
1205,26000,26020,25760,25820,10921950
1206,26400,26420,25940,26140,17380750
1207,26340,26420,26020,26180,15048150
1208,27200,27320,26260,26280,17265450
1209,27320,27380,26720,27240,10034150
1210,27060,27060,26700,27000,8195800
1211,27420,27440,26880,27040,7210600
1212,26980,27400,26820,27320,10291450
1213,26420,27100,26140,26760,8680900
1214,26700,26700,26180,26400,9626850
1215,27100,27120,26420,26520,8922350
1216,26820,26860,26560,26800,8488500
1217,26980,26980,26520,26660,9877250
1218,26900,27060,26480,26620,10633200
1219,27200,27200,26720,26720,9640450
1220,27320,27400,26760,26760,9488100
1221,27240,27500,27080,27400,10257400
1222,27800,27820,27120,27240,13270500
1223,28140,28460,27940,28000,8283700
1224,27700,28360,27580,28200,18352850
1225,27340,27880,27280,27700,10895650
1226,27800,28000,27180,27320,15697300
1227,28200,28220,27500,27900,16517150
1228,28980,29100,28000,28200,19089900
1229,29400,29400,28800,29020,9245150
1230,28880,29460,28720,29220,12655550
1231,28420,28900,28400,28880,11852650
1232,28920,28960,28460,28600,12394900
1233,29540,29560,28940,29000,10172300
1234,29240,29540,28940,29540,10762350
1235,29200,29400,28540,28920,13551050
1236,29700,29700,29300,29480,9429750
1237,29580,29820,29360,29580,10293300
1238,29600,29880,29560,29800,9960100
1239,29400,29780,29400,29660,9107550
1240,29400,29700,29200,29580,7773400
1241,29560,29700,29240,29240,9526050
1242,28860,29800,28700,29400,10582600
1243,28680,28800,28400,28680,6270150
1244,28680,28800,28460,28680,6903400
1245,28740,28740,28400,28460,7266050
1246,28980,29040,28600,28820,9842650
1247,28500,28680,28240,28560,8955500
1248,28300,28960,28300,28420,16065800
1249,29000,29120,28420,28420,21005950
1250,29740,29760,29440,29700,9369050
1251,29100,29560,29100,29520,9113150
1252,29240,29480,29160,29340,8122900
1253,29500,29600,29200,29280,12704950
1254,30200,30200,29400,29400,13225800
1255,29920,30120,29720,30060,12464350
1256,29400,30000,29200,29940,13661150
1257,29160,29740,29100,29400,8974550
1258,29220,29580,29100,29140,9413100
1259,29200,29460,28940,28940,19153200
1260,28380,29580,28360,29480,21108650
1261,28680,28860,28400,28420,10419850
1262,28800,28800,28400,28400,7814600
1263,28280,28980,28120,28840,11733500
1264,28780,28860,28340,28440,9615600
1265,28220,28800,28200,28740,11603100
1266,28700,28740,28120,28360,13748800
1267,27500,28460,27340,28460,21805600
1268,27500,27520,27140,27140,13009400
1269,27580,27600,27360,27500,8179150
1270,27600,27700,27460,27580,8374250
1271,27700,27780,27280,27340,10863250
1272,27560,27800,27320,27340,15301800
1273,27480,27540,27280,27540,5745000
1274,27360,27480,27220,27480,6226500
1275,27200,27220,26900,27220,6522900
1276,26800,27160,26620,26880,10748200
1277,27480,27480,27080,27100,9973800
1278,28000,28000,27540,27560,6519350
1279,27200,27980,27140,27900,8693500
1280,26920,27480,26720,27440,8005050
1281,27180,27380,26920,27160,6770400
1282,27500,27620,27180,27180,9328900
1283,27600,27600,27180,27320,5654400
1284,27300,27540,27120,27360,10521000
1285,27200,27540,27200,27300,16110000
1286,27360,27900,27140,27200,13702250
1287,27720,27800,27480,27560,10831500
1288,27500,28000,27480,28000,9957200
1289,27500,27900,27280,27780,10153500
1290,28000,28000,27540,27720,12858750
1291,27960,27980,27560,27560,17957700
1292,27340,27900,27200,27900,16612650
1293,27000,27440,26900,27440,13278050
1294,26580,26980,26400,26860,6672950
1295,26680,26680,26260,26320,13568500
1296,26900,26980,26580,26680,14103900
1297,26780,27100,26700,26900,14332250
1298,26280,26800,26000,26780,12293400
1299,26260,26380,26020,26320,8325400
1300,26280,26440,26280,26280,9312400
1301,26780,26780,26200,26280,14477600
1302,25880,26220,25640,26140,14322750
1303,26300,26340,25760,25900,15235500
1304,26720,26720,26260,26660,10139500
1305,26800,26800,26540,26600,8774950
1306,26600,26700,26420,26540,10649100
1307,26900,26940,26580,26580,9637450
1308,26860,27100,26860,27040,11488100
1309,26780,26860,26780,26860,6257000
1310,26920,26980,26740,26780,10976350
1311,26900,26940,26360,26900,17943850
1312,25880,26560,25740,26560,18356500
1313,25320,25580,25040,25320,11808250
1314,25580,25660,25060,25320,13088650
1315,25400,25780,25360,25580,12894750
1316,25600,25600,25200,25460,14337950
1317,26060,26080,25480,25720,14397250
1318,26340,26380,25880,26100,20490850
1319,26920,26920,26340,26340,15977800
1320,26380,27140,26380,26980,13553100
1321,26060,26420,26040,26380,7916550
1322,26280,26280,26000,26040,5637800
1323,26040,26060,25960,26000,8871350
1324,26000,26020,25900,25960,9735500
1325,25900,25900,25320,25900,9222700
1326,25880,25960,25740,25900,12866850
1327,25900,25920,25480,25740,9844550
1328,25460,26020,25280,25280,44377800
1329,23800,24220,23640,24020,12287900
1330,24480,24480,23800,23800,17811050
1331,24940,24960,24200,24400,10284300
1332,24380,24520,24340,24460,12336350
1333,24120,24400,24120,24200,10024150
1334,24760,24760,24240,24360,12502750
1335,24400,24540,24300,24400,10754700
1336,23800,24400,23640,24100,9693950
1337,24020,24020,23600,23880,10621750
1338,24560,24640,23980,24000,11547150
1339,24620,24680,24380,24600,9079600
1340,25100,25220,24540,24620,12141400
1341,24520,25380,24440,25360,19202900
1342,24360,24360,23900,24120,6030200
1343,23960,24200,23860,24080,8570150
1344,24300,24500,23880,24040,10162150
1345,24380,24840,24100,24340,13000300
1346,25000,25040,24320,24700,13475800
1347,23960,25000,23700,24880,38623150
1348,22580,23660,22300,23620,24566950
1349,22000,22600,21800,22600,13726100
1350,21800,22000,21720,21820,6243850
1351,22020,22220,21740,21900,8388600
1352,22060,22240,21840,22240,8378450
1353,22260,22260,21800,21880,8505900
1354,21940,22080,21800,22080,11127700
1355,21880,22000,21620,21660,11766050
1356,22300,22340,22020,22120,9476750
1357,22120,22300,21740,21780,16281750
1358,22320,22420,22080,22300,15148300
1359,22560,22900,22400,22500,14143600
1360,22540,22920,22400,22540,16572550
1361,21640,22540,21560,22160,11344750
1362,22000,22280,21980,22100,21837450
1363,22840,23020,22480,22600,14720550
1364,23240,23720,23240,23240,10149150
1365,22900,23120,22760,23020,21252900
1366,23300,23300,22820,22820,12732750
1367,23480,23660,23120,23120,11929800
1368,23700,23760,23300,23680,12379300
1369,23860,24000,23400,23900,9401000
1370,23040,23700,22960,23700,12413550
1371,23240,23320,22940,23120,19414500
1372,23040,23220,22820,23000,15789200
1373,23560,23700,23220,23220,19541400
1374,24080,24080,23600,23760,16022100
1375,24460,24460,24120,24200,13435050
1376,24600,24600,24080,24200,9476750
1377,24140,24520,24140,24520,7545750
1378,24160,24300,24020,24120,7092400
1379,24140,24160,23920,24000,7161500
1380,24000,24160,24000,24020,10872350
1381,24000,24140,23840,23840,23309200
1382,24300,24320,23900,24020,10770400
1383,24200,24320,24040,24200,12099950
1384,24000,24000,23600,23780,21238750
1385,24420,24500,23880,23880,15899600
1386,24720,24740,24480,24520,5664050
1387,24760,24760,24560,24680,14558250
1388,25160,25160,24720,24840,10311850
1389,24460,24740,24440,24600,12171000
1390,24700,24700,24420,24440,10719450
1391,24620,24620,24420,24560,11577200
1392,24900,24940,24700,24940,8407650
1393,25100,25220,24620,24700,17105400
1394,25280,25420,25020,25220,9430600
1395,25280,25460,25060,25080,10044400
1396,25580,25600,25000,25000,10518950
1397,25480,25640,25080,25220,10447350
1398,25500,25500,24960,25280,12845000
1399,25400,25880,25240,25320,8995700
1400,25500,25640,25140,25400,18619250
1401,25680,25700,24960,25000,20621450
1402,26000,26040,25700,25800,9527250
1403,26120,26320,25900,26000,10830100
1404,26020,26420,26000,26320,8626450
1405,26000,26340,25820,26340,12066750
1406,26100,26560,25840,25840,28231050
1407,27480,27700,26720,26860,24351350
1408,27760,28160,27480,27900,17359450
1409,27100,27760,27060,27720,12809300
1410,27100,27340,26880,27160,8992550
1411,26920,27100,26700,27100,8790150
1412,27000,27160,26620,27100,8051700
1413,27080,27140,26700,26760,6417300
1414,26960,27160,26900,26960,6300950
1415,26980,27200,26860,27060,8059950
1416,26300,26860,26280,26860,9742650
1417,26520,26700,26400,26600,10922700
1418,26260,26460,26220,26420,9114200
1419,26000,26460,25940,26400,11976050
1420,25960,26000,25720,25720,7082150
1421,26000,26040,25640,25680,10779600
1422,26160,26220,26040,26120,8960200
1423,25740,26160,25660,26160,11829900
1424,25880,26380,25740,25900,12073200
1425,25820,26020,25800,25840,9437050
1426,26440,26520,26060,26120,5978850
1427,26720,26720,26320,26360,8543050
1428,26340,26620,26120,26600,11139250
1429,26160,26280,26020,26200,8725400
1430,26200,26480,26180,26440,8881050
1431,26140,26380,26120,26220,8953050
1432,26180,26860,26140,26500,12765300
1433,26600,26660,26360,26400,10231900
1434,26800,27080,26640,26900,11890850
1435,26420,26640,26320,26440,12488250
1436,26600,26600,25920,26020,23902650
1437,26900,26980,26400,26460,22339700
1438,27460,27520,27120,27160,11044350
1439,27200,27560,27020,27480,13476750
1440,27600,27640,27240,27480,15319950
1441,28040,28080,27260,27340,18589050
1442,28600,28600,28020,28260,12943150
1443,28240,28600,28240,28440,8625750
1444,28420,28760,28100,28720,9214100
1445,29400,29460,28040,28180,22269600
1446,29320,29600,29000,29140,13507050
1447,29680,29900,29300,29400,17234250
1448,28860,29160,28780,29100,7439450
1449,29400,29640,28860,28860,15831050
1450,29000,29300,28800,29200,12521500
1451,28380,28700,28180,28660,9200950
1452,28340,28460,28060,28140,4748400
1453,28400,28640,28300,28440,3735600
1454,28100,28560,28100,28560,8511650
1455,28820,28960,28520,28520,9540000
1456,28700,29000,28700,28820,10842500
1457,28900,29080,28700,29020,16007300
1458,28560,29000,28160,28960,19281050
1459,28000,28740,27980,28560,15856500
1460,28280,28380,28060,28200,6806700
1461,28180,28300,28020,28300,11103750
1462,27760,28500,27760,28000,12107400
1463,26720,27900,26640,27760,15944800
1464,27120,27160,26520,26700,13157050
1465,27100,27100,26880,27000,16281900
1466,27000,27120,26800,26880,14189700
1467,27080,27180,26880,26920,14943350
1468,27600,27620,26520,26860,15047300
1469,27780,27900,27020,27200,10909200
1470,28080,28120,27640,27760,9431450
1471,28400,28560,27960,27980,15269800
1472,28180,28180,27980,28140,10546200
1473,27880,27900,27640,27780,9500750
1474,27480,27680,27420,27500,6084300
1475,27580,27720,27500,27600,3299250
1476,27400,27580,27400,27560,9518350
1477,27520,27600,27320,27400,7241650
1478,27400,27840,27260,27600,9308550
1479,27720,27740,27380,27400,10969800
1480,27300,27720,27300,27400,10586000
1481,27240,27360,27180,27300,10659350
1482,27380,27600,27200,27600,9999200
1483,27880,27900,27280,27420,16061600
1484,27740,27980,27500,27880,10608200
1485,27940,27940,27480,27940,10761750
1486,27540,27940,27540,27600,18400350
1487,27020,27900,27020,27800,19098800
1488,27000,27140,26860,27140,13100050
1489,26900,26900,26620,26780,11081000
1490,26900,26900,26440,26860,13259850
1491,26400,26760,26400,26700,10648700
1492,25800,26660,25700,26660,20877850
1493,25380,25800,24960,25700,17444700
1494,25380,25400,24820,24940,13625000
1495,25200,25480,25180,25460,7073900
1496,25380,25460,25240,25460,8321300
1497,25400,25440,25240,25240,5939400
1498,25600,25700,25360,25380,7638550
1499,25400,25660,25320,25560,11045600
1500,25500,25520,25160,25320,8820000
1501,25400,25700,25400,25500,10836800
1502,25880,26260,25800,25800,11750200
1503,26400,26400,25860,25880,12579250
1504,26400,26540,26180,26440,9079800
1505,26400,26600,26340,26400,8657600
1506,26780,26780,26580,26780,7548650
1507,26580,26580,26200,26520,8616750
1508,26700,26820,26600,26600,7491500
1509,26400,26580,26300,26300,7900150
1510,26720,26800,26420,26500,12104150
1511,26740,26980,26640,26980,14232350
1512,26700,26840,26600,26820,7891350
1513,26740,26860,26500,26840,12918050
1514,26640,26800,26520,26680,8785300
1515,26680,26900,26420,26560,7425050
1516,26660,26660,26000,26600,14346200
1517,25800,25920,25620,25720,9543300
1518,26000,26000,25600,25800,6179750
1519,25700,25980,25640,25900,5910650
1520,25840,26120,25600,25700,9386650
1521,25920,26160,25840,26020,6220750
1522,26000,26400,25800,25960,5838450
1523,26620,26620,26100,26140,10027400
1524,25620,26300,25440,26220,12684000
1525,25420,25620,25240,25540,7799650
1526,25500,25580,25260,25500,9943600
1527,24900,25340,24800,25180,15197450
1528,24900,25100,24680,24740,14926650
1529,25260,25260,24980,24980,16033000
1530,25720,25760,25420,25440,16259200
1531,25600,25760,25540,25600,19181850
1532,25460,25860,25460,25660,11701350
1533,25860,26080,25700,25840,13346300
1534,26000,26360,25820,26140,14001750
1535,26320,26440,25980,25980,10336950
1536,26280,26560,26240,26560,10826500
1537,26300,26540,26220,26480,7562300
1538,26100,26380,25920,26320,8682800
1539,26020,26300,25840,25840,12774250
1540,26000,26200,25860,26020,9752450
1541,26600,26620,25960,25980,11747450
1542,25940,26600,25800,26260,14716650
1543,25660,25940,25460,25900,16449350
1544,25500,25720,25440,25440,18189150
1545,26140,26140,25500,25500,21250950
1546,26000,26080,25740,25820,20474650
1547,26000,26360,25900,26080,19763200
1548,26060,26400,25920,26140,19735800
1549,26000,26220,25740,25920,26496600
1550,26960,27100,26040,26180,31025000
1551,27920,27940,27200,27440,16908100
1552,28200,28220,27900,27920,10510000
1553,28160,28300,28020,28160,12307800
1554,28600,28640,28300,28300,10980350
1555,28740,28760,28580,28660,10639200
1556,28260,28540,28260,28540,8407400
1557,28360,28680,28360,28540,10552400
1558,28100,28200,27880,28020,10899200
1559,28340,28340,27860,27900,7762400
1560,27820,28080,27660,28000,8954400
1561,28200,28220,27800,27800,10053250
1562,27920,28200,27920,28200,14962050
1563,28520,28880,28320,28400,10629150
1564,28820,29020,28620,28800,7755600
1565,28800,29080,28800,29080,6996900
1566,29080,29080,28560,28560,9147450
1567,28660,28920,28440,28800,10479650
1568,29000,29060,28620,28640,10844000
1569,29280,29560,29140,29220,7798600
1570,30000,30060,29340,29340,7487800
1571,29980,29980,29700,29880,6752200
1572,29600,29880,29580,29880,10644900
1573,29340,29520,29200,29400,9351700
1574,29160,29580,29100,29580,8586250
1575,29020,29440,29020,29300,6615300
1576,28820,29120,28620,29000,8574600
1577,29440,29440,28640,28800,9019800
1578,29460,29740,29280,29400,8178150
1579,29660,29780,29540,29780,8183550
1580,29400,29520,29300,29480,6386800
1581,28680,29240,28640,29240,8339250
1582,29100,29100,28480,28480,10132150
1583,28900,28980,28380,28380,9995200
1584,28800,29320,28720,29120,9784900
1585,28500,28680,28180,28560,8563850
1586,28220,28560,28140,28200,13681350
1587,29020,29080,28500,28740,13006800
1588,29960,29960,28980,29020,12218400
1589,30040,30040,29440,29700,8009300
1590,29840,30040,29780,29980,10887800
1591,29800,30000,29360,30000,11357700
1592,29960,30040,29300,29300,12647050
1593,29700,30000,29680,30000,10588400
1594,29800,29800,29560,29800,10334900
1595,29300,29700,29160,29640,11307700
1596,29000,29040,28660,28980,6735300
1597,28620,28980,28580,28980,8915650
1598,29280,29280,28720,28840,8598450
1599,29200,29200,28680,29100,12353250
1600,29500,29780,29080,29280,7126050
1601,29440,29500,29260,29440,7852150
1602,29200,29360,29080,29260,9099350
1603,29380,29380,28900,29000,8010600
1604,29000,29140,28900,29140,10023650
1605,28960,28980,28760,28760,7373700
1606,28800,28940,28720,28860,11254150
1607,28420,28640,28420,28600,13819000
1608,28340,28660,28340,28600,10546000
1609,28740,28740,28500,28720,10228250
1610,28760,28840,28280,28360,15753700
1611,27960,28500,27800,28360,17586350
1612,27600,27660,27200,27640,9773150
1613,27320,27640,27200,27340,11650900
1614,27500,27540,27260,27320,11613250
1615,27280,27440,27120,27440,10374700
1616,27340,27480,27020,27280,11176450
1617,26840,27580,26760,27460,15138900
1618,27300,27620,27060,27200,24362900
1619,28400,28400,27620,27720,17181350
1620,28460,28500,28220,28500,11710700
1621,28180,28200,27920,28120,12281500
1622,28100,28480,27900,28200,21805400
1623,27960,28040,27700,28040,13353000
1624,27380,27920,27360,27920,14717650
1625,27420,27500,27260,27460,9291550
1626,27400,27500,27160,27380,11937950
1627,27400,27420,27160,27300,15100100
1628,26600,27080,26420,26800,10920050
1629,27280,27280,26520,26740,11798500
1630,27360,27420,27000,27020,10081600
1631,27200,27360,27020,27360,17135800
1632,26340,26960,26280,26880,16315000
1633,25680,26200,25680,26180,9492550
1634,26140,26180,25900,26080,9130800
1635,26020,26100,25920,26000,11519650
1636,25600,26000,25420,25900,17203400
1637,25000,25340,24900,25100,11984850
1638,25300,25640,25120,25120,12346050
1639,25920,26100,25380,25380,14230950
1640,25720,25920,25600,25720,6499850
1641,25720,26020,25640,25900,11416600
1642,25780,26000,25700,26000,13005100
1643,24880,25800,24840,25800,20929450
1644,24600,24960,24500,24640,10140600
1645,24580,24820,24400,24600,12080200
1646,24260,24700,24260,24340,17910800
1647,24740,24800,24440,24440,15778100
1648,24900,25440,24900,25080,14493700
1649,25660,25660,25480,25480,8079850
1650,25860,26000,25640,25720,11241350
1651,25700,25760,25480,25600,9058900
1652,25600,25800,25580,25600,12735500
1653,25540,25900,25540,25800,9425350
1654,25820,26000,25580,25660,11821850
1655,26280,26380,25980,26060,13619550
1656,26340,26440,26160,26300,8495650
1657,26140,26340,25900,26300,8772650
1658,25460,26140,25440,26140,11948900
1659,25600,25780,25300,25460,10351150
1660,25760,25900,25280,25460,16271300
1661,26500,26500,25840,25840,15704200
1662,26020,26600,25720,26400,12302300
1663,26360,26420,25800,25960,9300950
1664,26300,26380,25700,26260,9629600
1665,26400,26480,26020,26240,11391300
1666,25020,26240,25020,26240,20788350
1667,24900,25040,24740,24960,17305650
1668,24600,25000,24580,24740,19694950
1669,25000,25160,24180,24520,26480150
1670,25720,26300,25200,25340,30382800
1671,26040,26340,25920,26340,9042650
1672,26680,26780,25900,26020,12822050
1673,26800,27040,26600,26700,10214450
1674,26680,26920,26440,26520,12825950
1675,27000,27000,26580,26840,20961250
1676,25900,26880,25720,26780,25756150
1677,26020,26100,24900,25220,31751200
1678,26020,26360,25760,25940,20774950
1679,27000,27000,26260,26260,15847900
1680,25880,26660,25800,26500,27677800
1681,26860,26960,26520,26580,17817950
1682,27640,27700,27280,27380,10270250
1683,27360,27740,27200,27740,11043050
1684,27400,27560,27300,27320,11758450
1685,27300,27540,27140,27380,17558350
1686,27600,27940,27140,27140,33509850
1687,27560,28060,27240,27700,22887650
1688,28220,28380,27560,27780,34613000
1689,28400,28860,28280,28500,26677700
1690,29500,29700,28480,28540,54290800
1691,30980,31060,30420,30420,13590650
1692,30660,30840,30420,30800,8496600
1693,30720,31180,30560,30640,10309450
1694,30920,31180,30740,30760,18025050
1695,30360,30980,30240,30880,22778000
1696,29680,30460,29660,30240,14760550
1697,29620,29920,29620,29680,11588050
1698,29800,29980,29740,29780,6146400
1699,29740,29880,29440,29720,10190600
1700,29840,30040,29680,29680,11994150
1701,30080,30200,29820,30180,9923100
1702,30200,30200,29700,29840,11600400
1703,30040,30240,29920,29940,12288850
1704,30020,30280,30000,30160,14657550
1705,29700,30000,29680,30000,10594800
1706,29740,30000,29660,30000,9002650
1707,29420,29600,29240,29540,8750100
1708,30280,30280,29520,29520,11794850
1709,29800,30400,29780,30300,10806150
1710,29860,29960,29580,29760,14921950
1711,30160,30160,29820,29860,11434500
1712,30800,30800,30240,30280,8654300
1713,30700,30740,30420,30700,6559050
1714,30520,30640,30340,30560,10048950
1715,29800,30600,29760,30400,18705000
1716,29820,29840,29500,29620,8500150
1717,29900,29940,29440,29720,11651600
1718,29400,29880,29400,29880,10463900
1719,29700,29880,29480,29720,10086550
1720,30000,30060,29480,29660,8864850
1721,29800,30060,29300,30060,9335850
1722,29300,29840,29100,29500,15704000
1723,30400,30440,29620,29660,13358400
1724,31320,31320,30280,30360,10491100
1725,30100,30640,30020,30560,18551850
1726,30060,30700,30060,30460,10767300
1727,30800,31000,30260,30340,10744050
1728,30420,30800,30360,30800,11291500
1729,30800,30800,30260,30420,11779700
1730,30540,30600,30200,30560,9244000
1731,30100,30620,29940,30400,12959500
1732,30100,30320,29860,30100,14977350
1733,30340,30380,29980,30120,10700450
1734,30520,30560,30180,30420,10882700
1735,30200,30640,30200,30500,8574850
1736,30700,30700,30240,30240,5295500
1737,30480,30640,30340,30540,9533700
1738,30060,30200,29940,30200,7989600
1739,30300,30320,29740,30080,12881400
1740,29900,30440,29820,30180,16830000
1741,29600,29900,29400,29900,10272050
1742,29160,29360,29040,29100,10687100
1743,29220,29480,29120,29140,11768550
1744,29200,29700,29120,29200,13515750
1745,29000,29840,28960,29500,13977100
1746,29200,29200,28680,28900,26439550
1747,30580,30580,29600,29600,36618350
1748,30560,30680,29980,30400,12557800
1749,30120,30580,30020,30540,11303550
1750,30080,30240,29800,29880,8746550
1751,29860,30240,29700,30160,13748250
1752,30300,30340,29780,29980,18941000
1753,30960,31000,30240,30400,13482700
1754,31440,31500,30940,31200,10148650
1755,31120,31280,30960,31000,9294600
1756,31260,31260,30600,30780,13276850
1757,30600,31080,30600,30880,12784200
1758,31180,31180,30380,30540,8938200
1759,30300,30760,30160,30540,9244750
1760,30980,30980,30600,30600,8897550
1761,30600,30960,30400,30600,13852650
1762,30800,31160,30700,31000,13123650
1763,30040,30900,29940,30900,18039350
1764,29600,29980,29580,29840,6132250
1765,29800,30020,29620,29800,7109950
1766,29800,29960,29540,29960,7599950
1767,29800,29880,29540,29800,7534100
1768,29480,29780,29120,29740,9209050
1769,29680,29680,29180,29360,8419750
1770,28360,29400,28300,29240,13423850
1771,28780,28780,28400,28400,9721100
1772,28800,28860,28540,28540,6897150
1773,28300,28860,28280,28700,11388100
1774,29000,29060,28340,28740,12861900
1775,29200,29200,28440,28820,11576200
1776,28600,28960,28440,28960,16052800
1777,28520,28800,28240,28800,16192400
1778,27800,28360,27600,28180,21635950
1779,27920,28020,27420,27440,30935400
1780,29200,29220,28100,28340,21820900
1781,29360,29380,28820,29060,16007300
1782,30000,30040,29460,29460,9337450
1783,28900,29740,28900,29600,11958300
1784,29280,29500,28960,29080,14539200
1785,29600,29740,29100,29600,12530050
1786,30040,30040,29000,29380,20249950
1787,30280,30520,29660,29840,16252900
1788,31200,31200,30240,30240,10738450
1789,30780,31040,30560,31040,8030100
1790,30960,30960,30140,30660,11949100
1791,30300,30680,30000,30600,14674100
1792,30000,30260,29820,30000,12686000
1793,30260,30340,29960,30000,13837850
1794,30300,30560,30000,30400,12621800
1795,30800,30840,30200,30500,13006000
1796,31640,31680,30860,30860,14246350
1797,30660,31520,30540,31520,11463700
1798,29760,30600,29740,30440,10613300
1799,29400,30000,29400,29920,9145450
1800,29600,30060,29400,29400,14091000
1801,28960,29520,28840,29480,14535100
1802,29860,29920,28800,28840,27675500
1803,30300,30580,29900,30060,20137000
1804,30000,30320,29900,30300,13562350
1805,30020,30480,29940,30060,15518600
1806,30320,30720,30160,30300,13956050
1807,30000,30660,29860,30660,30711450
1808,29460,29920,29460,29800,15247450
1809,29960,29960,29380,29520,12664700
1810,30120,30120,29700,29820,13062950
1811,29000,29960,29000,29600,15887800
1812,29360,29420,28680,29080,14257200
1813,28600,29100,28540,29100,12444700
1814,28640,28680,28400,28600,9510650
1815,28400,28720,28160,28600,10228600
1816,28460,28500,27980,28120,16440500
1817,28040,28440,28040,28280,13112800
1818,28000,28760,27920,28260,14071300
1819,28100,28560,28080,28320,11844200
1820,28840,28860,27980,28080,13757750
1821,28440,28840,28340,28740,12338450
1822,27880,28380,27820,28340,14965900
1823,27520,27940,27440,27680,17795050
1824,27060,27300,26920,27280,13429300
1825,26300,26840,26260,26640,10141850
1826,26440,26520,26020,26140,12186200
1827,26700,26760,26520,26620,9962950
1828,27140,27140,26920,27100,10441400
1829,26940,26980,26520,26980,7329700
1830,26620,26940,26620,26900,6960650
1831,26700,27020,26520,26820,14556200
1832,26960,27140,26820,27000,15343100
1833,26860,27240,26700,27240,9692350
1834,26980,26980,26640,26980,8984500
1835,26560,26980,26400,26820,13070650
1836,26380,26660,26260,26540,18529600
1837,25900,26040,25800,25940,10460250
1838,26120,26240,25980,26200,10621400
1839,25980,26080,25840,25960,6665000
1840,25960,25980,25580,25980,11471550
1841,26120,26240,25740,25740,13817650
1842,25920,26440,25820,26440,11897100
1843,25940,26180,25780,26000,13487650
1844,26380,26440,26040,26260,9264800
1845,25540,26340,25520,26300,11744200
1846,26460,26500,25980,26040,13997950
1847,26720,26820,26560,26740,10539800
1848,26840,26920,26320,26720,9023050
1849,26520,26620,26300,26600,10679450
1850,25920,26240,25740,26000,10347900
1851,26100,26240,25760,25920,15001950
1852,26200,26400,25740,26080,23813250
1853,27060,27200,26500,26500,13001150
1854,27260,27620,27260,27440,8803400
1855,27500,27580,27200,27460,12045950
1856,27740,27800,27040,27400,17854000
1857,27020,27460,26780,27340,19174000
1858,27080,27420,27040,27380,13386450
1859,27180,27200,26780,26920,17925450
1860,26540,26840,26460,26760,14553050
1861,26260,26500,26120,26500,12059850
1862,26200,26680,26200,26540,11372150
1863,26000,26560,25840,26540,13200750
1864,26000,26140,25900,26040,14918700
1865,25860,26100,25680,25740,14224400
1866,26120,26460,25960,26280,12147300
1867,26280,26720,26160,26300,11247000
1868,26720,26720,26240,26300,14910000
1869,26600,26780,26540,26720,24935900
1870,25980,26100,25620,26020,19516600
1871,25360,25900,25180,25880,18512500
1872,24800,25300,24640,25120,9930400
1873,25200,25280,25000,25000,15924050
1874,24600,25020,24400,25000,25546100
1875,24000,24060,23860,23920,12398850
1876,24100,24240,23780,23780,17455050
1877,24380,24560,24200,24360,9947700
1878,24400,24700,24020,24360,13926850
1879,24220,24680,24140,24660,20367900
1880,24560,24580,24040,24300,16231800
1881,24180,24700,24140,24600,23475850
1882,23720,24180,23600,23900,27925150
1883,23780,24060,23460,23600,63899150
1884,25400,25740,25280,25500,14146050
1885,25220,25740,24980,25740,13880000
1886,25380,25620,25140,25280,16077700
1887,25840,26040,25640,25640,15352350
1888,25400,25660,25100,25660,19991000
1889,26880,26900,25720,25900,27701250
1890,27080,27100,26760,26900,14844550
1891,26520,27000,26520,26900,14496400
1892,26840,26940,26460,26500,9898800
1893,26700,26960,26600,26960,14744750
1894,26420,26960,26360,26800,30643750
1895,26120,26560,26020,26400,19473550
1896,26060,26080,25680,25880,10291150
1897,25700,26100,25640,25960,12301200
1898,24800,25340,24760,24860,15616900
1899,26000,26080,25220,25260,16016750
1900,25840,26300,25660,26000,19090150
1901,25600,26680,25500,26180,33815150
1902,25200,25560,25020,25500,19149750
1903,23900,24660,23820,24660,26717600
1904,23380,23480,23200,23440,13666950
1905,23060,23440,22780,23160,13667650
1906,23300,23500,23180,23400,14626600
1907,23300,23400,23100,23240,12904350
1908,24040,24060,23820,23820,12012200
1909,23600,24040,23440,23900,24875200
1910,23580,23700,22760,23080,14632750
1911,22960,23560,22720,23360,15895650
1912,22900,23100,22660,23040,15286500
1913,21920,22880,21820,22780,27112600
1914,22420,22520,21820,21820,25005150
1915,22580,22660,22160,22360,18067900
1916,22700,22840,22420,22540,17787100
1917,22700,22760,22520,22520,21335250
1918,23880,23880,23060,23220,21198500
1919,23740,23880,23540,23700,9089200
1920,23640,23940,23560,23820,19183900
1921,23640,23860,23400,23500,15819000
1922,24160,24180,23420,23480,19156750
1923,23340,24020,23060,24020,18673900
1924,23340,23600,23060,23360,10421000
1925,22800,23540,22600,23340,23583650
1926,22660,22980,22580,22780,25310550
1927,23420,23560,22560,22640,41436150
1928,23780,24040,23600,23640,31347150
1929,24680,24840,24520,24540,12777650
1930,24980,25300,24900,25040,13287150
1931,24900,24940,24440,24880,14858450
1932,24800,25140,24680,24860,17625300
1933,25000,25200,24280,24340,30480600
1934,25380,25420,25120,25220,22079250
1935,25320,25480,25120,25420,9580550
1936,24920,25200,24900,25100,8816450
1937,25440,25500,25320,25360,9924550
1938,25500,25500,24900,24940,9976050
1939,24780,25300,24660,25300,20970600
1940,24020,24180,23860,24060,12872450
1941,23960,24100,23840,23920,18092000
1942,24260,24740,23980,24660,13612600
1943,24260,24260,23840,24220,22140900
1944,24760,24800,24300,24520,12719000
1945,24240,24760,24120,24760,10843800
1946,24660,24920,24460,24500,10189150
1947,24260,24500,23960,24500,15268250
1948,24800,24800,23900,24420,16194900
1949,25100,25100,24540,24800,23846900
1950,23880,24320,23800,24180,23762400
1951,24080,24100,23300,23320,30144550
1952,24600,24860,24020,24460,33171550
1953,25960,26000,24560,24600,38619450
1954,26080,26400,26000,26220,15619050
1955,26100,26540,26080,26280,15118750
1956,26300,26460,26060,26060,13687300
1957,26580,26720,26440,26540,13171700
1958,26700,26960,26480,26620,12676000
1959,26960,27040,26780,26820,12061150
1960,26840,27060,26500,26840,18923150
1961,27500,27960,26980,27200,20500650
1962,28040,28200,27960,28020,10336050
1963,28200,28360,27980,28200,18429250
1964,27900,28180,27540,27800,15796200
1965,27100,27660,27020,27480,15916700
1966,26400,26800,26340,26800,16506250
1967,26080,26300,25860,26100,13841500
1968,25300,25720,25240,25660,13254600
1969,25380,25600,25240,25580,8411450
1970,25880,25940,25560,25640,9932100
1971,25840,26140,25780,26140,13169450
1972,25540,26040,25380,25860,17266000
1973,25020,25280,24820,24980,14584350
1974,25460,25520,25000,25180,15259050
1975,25300,25540,25200,25360,35458750
1976,25660,25980,25360,25460,25285300
1977,26280,26400,26140,26220,11182750
1978,26400,26600,26120,26340,8610500
1979,26540,26680,26260,26640,10298600
1980,26040,26700,25940,26600,12934600
1981,26620,27020,26300,26400,14599350
1982,26400,26780,26040,26700,16525600
1983,25500,25980,25220,25980,12596850
1984,25400,25600,25140,25500,15298350
1985,25980,25980,25600,25600,11688850
1986,26000,26160,25900,26040,9925800
1987,25700,26220,25520,26220,14194000
1988,25360,25500,25220,25500,9240950
1989,24860,25480,24860,25220,10865350
1990,24700,25260,24700,25160,12691500
1991,25200,25200,24840,24840,12932700
1992,25340,25540,25200,25340,11940350
1993,24700,25360,24680,25200,11891650
1994,25200,25340,24760,24760,18081600
1995,25020,25200,24840,25000,14050700
1996,24600,25100,24600,25000,18366400
1997,24000,24580,24000,24420,11986400
1998,24480,24520,24200,24200,11838000
1999,23820,24620,23760,24600,18260600
2000,23600,23720,23300,23600,20310550
2001,23500,23660,23300,23440,11527700
2002,23580,23860,23340,23600,10576600
2003,23800,23820,23320,23480,11182750
2004,24300,24340,23580,23640,18034100
2005,23820,24180,23820,24120,17280900
2006,23920,24000,23620,23700,16651350
2007,23480,23600,23180,23420,8413250
2008,23060,23720,23060,23600,14248000
2009,23460,23580,23020,23200,23280450
2010,23640,24000,23440,23940,11786200
2011,23500,23960,23300,23600,10816400
2012,23560,23880,23320,23500,14827500
2013,23180,23600,23120,23520,17333800
2014,22600,22800,22420,22700,15430150
2015,21960,22760,21840,22700,28529400
2016,21680,21780,21480,21600,12325550
2017,21380,21780,21340,21660,16038000
2018,21680,21680,21220,21240,18615900
2019,21740,21800,21200,21680,24029250
2020,21980,22000,21680,21840,11844000
2021,21540,21920,21460,21860,11930550
2022,21680,21820,21320,21480,15879250
2023,21420,21680,21120,21320,17862650
2024,21720,22080,21360,21600,22449300
2025,22140,22140,21560,21580,22936550
2026,22100,22400,21780,22140,21747950
2027,22580,22600,22180,22300,16370400
2028,22400,22500,22220,22500,12753000
2029,22320,22420,21880,22260,17660600
2030,21840,22500,21840,22280,22786800
2031,21800,22100,21520,22100,25630350
2032,20760,21440,20740,21440,22402800
2033,21020,21040,20440,20600,15380400
2034,20820,20960,20480,20720,17116100
2035,20800,20800,20400,20600,11647400
2036,20560,21000,20520,20920,14650850
2037,20320,20580,20220,20560,18573100
2038,20340,20480,20280,20420,19145200
2039,20420,20720,20420,20520,20469050
2040,20800,20820,20300,20320,19358300
2041,21120,21320,20600,20800,18837650
2042,21460,21580,21100,21100,17334550
2043,22100,22200,21500,21600,17119450
2044,21860,22100,21840,22100,16952300
2045,21400,21600,21300,21600,13165000
2046,21240,21540,21140,21160,10944900
2047,21460,21460,21200,21220,11046250
2048,21360,21600,21060,21460,11309450
2049,21340,21500,21320,21320,6223450
2050,21120,21480,21120,21360,12323900
2051,20900,21060,20820,21040,10658550
2052,20700,21140,20620,21140,20415800
2053,20160,20580,20140,20240,13775800
2054,20900,20900,19680,20140,20534700
2055,20420,20900,20400,20900,12288700
2056,20580,20720,20300,20300,16980250
2057,20680,20900,20500,20800,21079500
2058,21480,21500,21000,21000,13252200
2059,21260,21680,21200,21680,12173950
2060,20980,21480,20740,21060,13819400
2061,21140,21660,20920,21280,26054050
2062,21000,21360,20820,21120,19774300
2063,21140,21400,20820,20880,14637900
2064,21380,21460,21160,21320,14875050
2065,21220,21420,20800,21000,21969400
2066,20700,21600,20580,21480,34731400
2067,20000,20200,19920,20080,19721150
2068,19800,20100,19720,20100,27625150
2069,19180,19640,19160,19560,15797000
2070,18580,19060,18580,18940,11698100
2071,18440,19060,18420,18860,13684000
2072,18960,19200,18700,18700,15352150
2073,19000,19420,18860,19260,12091450
2074,19020,19200,18840,19000,12847100
2075,19420,19540,19240,19260,16333500
2076,19640,19840,19220,19600,12972250
2077,19900,20060,19460,19500,16963350
2078,19720,20000,19600,19920,11741900
2079,19760,20040,19740,19920,14149450
2080,18900,19680,18600,19660,24328800
2081,19340,19460,18700,18700,31210900
2082,19400,19760,19320,19700,19318600
2083,19720,19800,19300,19400,17079200
2084,19920,20000,19720,19860,14029300
2085,19660,20100,19640,20100,26756950
2086,19240,19420,19160,19340,16439100
2087,19400,19560,19320,19420,28481800
2088,19360,19980,19240,19800,31004700
2089,18820,19400,18660,19360,23810850
2090,18560,18920,18540,18900,26899600
2091,18580,18780,18380,18480,17473750
2092,18660,18920,18540,18680,12518000
2093,18720,19020,18700,18900,18286850
2094,18260,18860,18220,18820,18810700
2095,18400,18500,18140,18340,23321450
2096,17720,18400,17660,18140,28459600
2097,17700,17720,17400,17720,10712700
2098,17500,17860,17420,17660,13850600
2099,17800,17900,17620,17800,10685000
2100,17420,17880,17420,17720,10865950
2101,17960,17980,17620,17800,16278150
2102,17440,17980,17400,17960,21630000
2103,17700,17700,17380,17620,22951550
2104,17560,17700,17440,17480,17265800
2105,17300,17620,17000,17200,26521150
2106,17480,17580,16840,17100,30008000
2107,16480,17000,16340,16840,32201800
2108,16100,16640,15920,16560,32930800
2109,16600,16800,16220,16800,25801150
2110,16080,16960,16080,16740,27699050
2111,16480,16500,15820,16140,24327550
2112,16100,16100,15820,16080,16580000
2113,15200,15740,15180,15500,24045350
2114,15280,15600,15020,15160,21856150
2115,15920,16000,15560,15800,15350400
2116,16380,16560,16020,16260,17078150
2117,16220,16360,15920,16220,14050700
2118,16000,16280,15760,16160,12346000
2119,15880,16220,15840,15960,23831600
2120,15680,15680,15300,15420,21329650
2121,15600,15620,14820,15060,27555050
2122,15700,16240,15540,15600,18090100
2123,15600,16040,15560,15960,28745700
2124,14660,15560,14660,15460,17575200
2125,14520,14720,14200,14540,13225250
2126,15100,15120,14600,14620,13874400
2127,15300,15620,15260,15380,12934100
2128,15180,15760,14880,15420,35870550
2129,14940,14940,14620,14880,14511450
2130,14820,14960,14720,14840,12648200
2131,14840,14840,14480,14660,13022000
2132,14340,14680,14340,14520,10640750
2133,14740,14760,14420,14500,19056750
2134,14480,14700,14000,14160,18520150
2135,14000,14700,13980,14460,24645650
2136,13680,14040,13660,13820,20947600
2137,13760,13940,13440,13600,29035650
2138,14960,14980,14060,14180,35425150
2139,15020,15200,14820,15040,14670250
2140,14700,15000,14520,15000,30081100
2141,14420,14440,14000,14140,33891400
2142,13760,14500,13760,14160,39741600
2143,15200,15200,14400,14400,49327850
2144,15000,15060,13920,14480,49502000
2145,15400,15780,15200,15200,30375900
2146,15840,16100,15780,15780,30454050
2147,16780,16780,16300,16420,17324800
2148,16800,16880,16480,16660,20423250
2149,17060,17180,17000,17040,13490800
2150,17100,17500,17100,17400,19451200
2151,16920,17040,16740,16880,15100800
2152,16560,16800,16520,16740,13644500
2153,16960,16960,16720,16900,10099650
2154,16860,17020,16800,17000,11270400
2155,17000,17000,16680,16940,9501250
2156,17000,17120,16840,17000,12225850
2157,16920,17020,16640,16840,10346850
2158,16800,17080,16780,17020,21094100
2159,16120,16540,16120,16440,14558350
2160,16560,16600,16220,16260,18236900
2161,16600,16800,16420,16640,13675450
2162,16700,16700,16460,16620,20395900
2163,16960,17100,16720,16860,16467850
2164,17200,17220,16920,17000,12407200
2165,17600,17600,17240,17300,16000950
2166,17600,17760,17460,17700,12090450
2167,17960,17960,17580,17600,17927850
2168,17860,17960,17740,17960,11236100
2169,17600,17980,17560,17980,21113100
2170,17400,17660,17380,17560,21471650
2171,16860,17200,16760,17100,22145900
2172,16660,16700,16420,16520,16416950
2173,16960,16980,16640,16660,10357300
2174,16800,17060,16620,16640,11958900
2175,16940,16940,16560,16700,15212850
2176,16420,17080,16420,17040,23461150
2177,16500,16780,16400,16620,13869550
2178,16480,16660,16440,16520,16541050
2179,16000,16400,15960,16280,18918700
2180,16260,16280,15900,16000,23619300
2181,17020,17040,16060,16380,36151350
2182,17060,17160,16880,16960,11955800
2183,17320,17380,17020,17300,13287900
2184,17020,17460,16960,17260,10670950
2185,16880,17060,16760,17060,15069350
2186,17400,17480,17020,17020,19628750
2187,17540,17580,17300,17300,21705950
2188,17700,17800,17500,17540,12943650
2189,17520,17780,17380,17740,15179300
2190,17800,17800,17540,17700,10073600
2191,17880,17940,17600,17660,16594950
2192,18040,18240,17900,18220,15691600
2193,17800,18280,17720,18040,23904450
2194,17900,17900,17520,17680,10298950
2195,17480,17980,17340,17820,21514800
2196,17360,17600,17300,17580,13987000
2197,17580,17580,17060,17120,16047250
2198,17440,17680,17300,17300,14509050
2199,17540,17700,17440,17460,14102250
2200,17700,17740,17600,17640,11075850
2201,17820,17960,17600,17600,19386650
2202,17860,17980,17720,17860,16591200
2203,17940,17960,17780,17800,11564650
2204,18340,18380,17960,18020,16145250
2205,17920,18480,17800,18320,33457700
2206,17720,18020,17660,17700,27647100
2207,17780,17900,17640,17840,22396600
2208,18160,18220,17820,17820,13578650
2209,17980,18280,17900,17980,23661100
2210,18600,18680,18000,18300,25785850
2211,18720,18800,18440,18760,25375500
2212,18200,18740,18080,18640,32586300
2213,18020,18160,17600,17860,21493700
2214,18480,18540,17980,18000,20821350
2215,18340,18540,18220,18480,26405400
2216,17980,17980,17600,17940,19217750
2217,18020,18220,17780,17780,14381050
2218,18480,18540,18040,18080,18861250
2219,18600,18740,18360,18560,27083250
2220,17780,18320,17720,18320,32075950
2221,17060,17500,17060,17500,23115200
2222,17820,17840,17320,17340,27464550
2223,17960,17980,17640,17760,22300400
2224,18000,18000,17680,18000,25281200
2225,17740,18020,17600,18020,16643000
2226,17720,17800,17640,17640,15801800
2227,17960,18140,17760,17880,20631900
2228,18220,18280,17900,17960,26064950
2229,18500,18700,18100,18180,21803800
2230,18800,18840,18300,18460,27518900
2231,18960,18960,18700,18900,11934900
2232,18800,18900,18780,18900,16737450
2233,18720,18800,18540,18800,22486650
2234,18720,18720,18420,18640,26383300
2235,18320,18580,18320,18520,20712850
2236,18140,18320,18000,18320,17231200
2237,18300,18440,18180,18320,15910750
2238,17840,18200,17800,18200,31115550
2239,17600,17760,17480,17600,15405950
2240,17600,17600,17180,17460,25258800
2241,17840,17940,17400,17500,21836100
2242,17820,17980,17680,17800,14507000
2243,17840,17900,17660,17820,19178100
2244,17560,17800,17360,17800,22522950
2245,17700,17900,17440,17720,39957100
2246,18020,18040,17120,17200,36365600
2247,17600,18020,17060,18000,33356050
2248,17220,17520,17200,17240,27158400
2249,17580,17680,17320,17320,41711450
2250,18120,18160,17640,17800,26383650
2251,18220,18240,17880,17980,24964350
2252,18860,18860,18120,18120,31948250
2253,18680,18900,18540,18900,18575050
2254,18380,18540,18320,18460,18113850
2255,18280,18460,18240,18360,16139000
2256,18400,18680,18400,18460,16281150
2257,18560,18660,18460,18520,15198600
2258,18520,18680,18400,18580,18119600
2259,18500,18820,18500,18600,17207450
2260,18780,18960,18680,18760,12197300
2261,19280,19300,18840,18960,13768050
2262,19300,19320,19140,19200,10254850
2263,19060,19260,18860,19080,14350450
2264,19040,19400,18900,18900,15221900
2265,19260,19400,18940,19160,18109650
2266,18560,19100,18500,19060,19592600
2267,18700,18860,18260,18300,26544450
2268,19200,19300,18700,18720,30700100
2269,19460,19460,19020,19200,21015050
2270,19400,19480,19180,19220,30500200
2271,20040,20080,19440,19440,24259550
2272,19640,19900,19580,19660,13475900
2273,20180,20200,19620,19620,21442600
2274,19960,20280,19800,20200,19151050
2275,19900,20040,19820,19880,15374500
2276,19700,19980,19600,19960,13356400
2277,19440,19800,19420,19500,13979000
2278,19360,19660,19320,19420,13622750
2279,19520,19680,19400,19420,16690050
2280,19740,19800,19580,19640,15248500
2281,19580,20000,19320,19940,33416000
2282,19000,19620,18980,19380,29640800
2283,18900,19020,18800,18980,20587000
2284,18560,18680,18300,18660,15384700
2285,18980,18980,18340,18440,28404150
2286,18280,18660,18280,18600,20605350
2287,18340,18440,18160,18260,19562100
2288,18360,18560,18180,18340,18355350
2289,18300,18580,18280,18420,23172350
2290,18840,18980,18460,18600,19374400
2291,19100,19100,18840,18840,16811200
2292,19120,19220,18980,19160,13724400
2293,19100,19320,19000,19160,13278100
2294,18840,19040,18840,18980,9191550
2295,18700,19020,18640,18900,11926350
2296,18560,19000,18520,18760,15666150
2297,18500,18600,18300,18440,10533650
2298,18780,18780,18500,18500,8486650
2299,18720,18760,18500,18720,10993200
2300,18780,19060,18720,18780,16679550
2301,18620,18800,18500,18720,12606000
2302,18340,18640,18280,18640,16928000
2303,18280,18580,18240,18520,17306500
2304,18160,18380,18160,18220,11694250
2305,18500,18500,18200,18320,16466450
2306,18740,18740,18420,18580,22161150
2307,18380,18640,18320,18600,15362850
2308,18300,18380,18140,18380,12783400
2309,17700,18360,17680,18340,29482800
2310,18060,18200,17740,17760,16820900
2311,17740,18420,17700,18020,24925400
2312,17800,17980,17700,17800,16842700
2313,17400,17940,17340,17880,39446950
2314,16560,17180,16500,17180,30627550
2315,16480,16560,16280,16400,18793000
2316,16640,16920,16520,16520,21230800
2317,16700,16920,16620,16720,15514400
2318,16960,16980,16640,16740,15702950
2319,17060,17060,16760,16900,18359500
2320,16520,17040,16500,17020,31864350
2321,17000,17020,16680,16800,19744050
2322,16400,16960,16360,16960,36076800
2323,16160,16380,16000,16360,19369300
2324,15940,16100,15860,15980,13311800
2325,16020,16080,15900,15900,17134650
2326,16280,16400,16000,16220,29532550
2327,15720,16300,15700,16160,35954800
2328,15680,15800,15460,15560,28344450
2329,15860,15980,15340,15340,45367500
2330,15600,15800,15500,15800,21113550
2331,15680,15680,15340,15480,12814050
2332,15700,15760,15520,15560,13961400
2333,15600,15800,15500,15520,35187250
2334,14940,15280,14900,15260,27385750
2335,14800,14980,14780,14800,17965750
2336,14940,14960,14740,14800,16549950
2337,15060,15060,14860,14940,14848600
2338,15280,15300,14900,14900,23160200
2339,15200,15300,15060,15280,14654750
2340,15160,15300,15020,15060,16740550
2341,15360,15420,15160,15260,15633700
2342,15460,15580,15340,15420,12416450
2343,15460,15540,15340,15540,20425550
2344,14900,15300,14820,15300,28382200
2345,14800,14980,14700,14900,18490450
2346,15000,15020,14820,14820,19498200
2347,15140,15240,14960,15020,13831750
2348,15000,15120,14900,15080,24711150
2349,15060,15060,14840,15000,26762450
2350,15040,15040,14860,14880,20451450
2351,15040,15120,14920,14920,18521100
2352,15240,15260,15060,15060,18801600
2353,15260,15320,15060,15160,27170500
2354,15580,15660,15380,15400,25570500
2355,15560,15880,15520,15860,23555150
2356,15440,15580,15420,15460,14348850
2357,15600,15620,15480,15600,12879700
2358,15440,15560,15380,15540,14818300
2359,15440,15580,15340,15540,16862900
2360,15060,15500,15000,15440,35443200
2361,15100,15120,14900,14900,23365000
2362,15300,15360,15040,15100,25142750
2363,15580,15600,15160,15240,32788150
2364,15480,15600,15400,15600,14822600
2365,15240,15560,15160,15460,22382450
2366,15080,15260,15080,15140,11740750
2367,15260,15340,15020,15140,19464450
2368,15500,15620,15200,15200,18576500
2369,15400,15520,15320,15400,11742550
2370,15200,15440,15140,15320,14013750
2371,15340,15480,15120,15120,30874400
2372,15520,15620,15420,15420,10974100
2373,15660,15800,15500,15760,16040150
2374,15440,15600,15360,15600,19730050
2375,15220,15280,15120,15220,22097100
2376,15200,15240,14980,15180,18277550
2377,15240,15260,15000,15040,19465400
2378,15320,15440,15120,15120,22082150
2379,15500,15560,15440,15520,7005850
2380,15300,15440,15300,15320,12808800
2381,15440,15660,15400,15460,10445650
2382,15520,15560,15440,15440,9288450
2383,15700,15720,15500,15660,11378450
2384,15720,15820,15640,15800,9097300
2385,15600,15720,15540,15680,12334500
2386,15580,15780,15540,15780,12206700
2387,15680,15700,15480,15560,11726100
2388,15540,15660,15420,15640,14480400
2389,15460,15660,15340,15640,10286650
2390,15400,15640,15340,15620,14335300
2391,15360,15540,15300,15320,21417850
2392,15680,15780,15540,15580,17998400
2393,16000,16080,15820,15860,14079450
2394,15980,16040,15960,16040,9146100
2395,16200,16200,15980,16020,12358250
2396,16220,16360,16060,16080,14044850
2397,16340,16360,16120,16120,10671700
2398,16400,16440,16300,16300,13115100
2399,16340,16360,16200,16200,12469400
2400,16440,16540,16200,16200,16441200
2401,16780,16800,16480,16540,14873600
2402,16640,16800,16620,16740,23259950
2403,16480,16600,16420,16580,19143850
2404,16260,16400,16180,16360,10631350
2405,16300,16340,16140,16220,14123600
2406,16240,16340,16020,16160,15476050
2407,16340,16360,16120,16340,16585300
2408,15900,16040,15720,15960,11586100
2409,15720,15980,15720,15900,14605350
2410,16320,16400,16040,16040,16940500
2411,16500,16500,16360,16400,16075400
2412,16260,16560,16260,16480,33204550
2413,15960,16160,15880,15920,15359450
2414,15980,16040,15840,16040,12603250
2415,15580,15920,15460,15920,18628950
2416,15660,15680,15400,15500,14777650
2417,15600,15620,15300,15380,16207800
2418,15240,15500,15100,15500,17919400
2419,15260,15400,15220,15340,10030950
2420,15400,15480,15260,15340,11656400
2421,15580,15600,15200,15320,22225800
2422,15400,15600,15400,15480,26820300
2423,16020,16080,15740,15840,12589300
2424,16100,16160,15920,15920,13060450
2425,16180,16200,16040,16100,17011500
2426,16160,16460,16100,16400,14157200
2427,16220,16220,16000,16100,17501550
2428,16540,16540,16260,16320,14820850
2429,16600,16780,16500,16600,14239500
2430,16500,16500,16240,16440,9593600
2431,16240,16340,16200,16340,11669500
2432,16300,16440,16180,16380,18827650
2433,16200,16200,15960,15960,9539000
2434,15820,16180,15820,16140,12099050
2435,15700,15940,15660,15940,18313750
2436,15540,15600,15420,15460,17814300
2437,15840,15840,15320,15400,17985800
2438,15700,15960,15520,15700,14522450
2439,15580,15740,15540,15740,15166400
2440,15500,15940,15480,15860,12614000
2441,15600,15680,15480,15540,14666350
2442,15520,15580,15300,15360,11405850
2443,15440,15620,15360,15520,12791100
2444,15740,15740,15340,15560,22546250
2445,14880,15500,14820,15440,22212050
2446,15200,15380,14900,15000,23002650
2447,15000,15120,14720,14820,25581300
2448,14940,15280,14880,15160,17723750
2449,15300,15440,15100,15120,19790300
2450,15700,15700,15380,15460,18058550
2451,15800,15900,15680,15840,18169250
2452,15960,15980,15560,15680,26529900
2453,16120,16240,15980,16200,14692000
2454,15960,16400,15940,16260,15973050
2455,15940,15960,15640,15780,15790450
2456,16240,16240,15820,15820,22532900
2457,16000,16100,15940,16060,16529100
2458,15960,15980,15760,15880,37961250
2459,16340,16380,16200,16280,22588250
2460,16800,16860,16600,16680,9172800
2461,16900,16900,16540,16580,14572250
2462,16560,17040,16540,16980,22733400
2463,16600,16620,16320,16500,11346550
2464,16400,16500,16360,16500,16019650
2465,16620,16760,16540,16700,13049800
2466,16700,16840,16600,16680,13030400
2467,16960,16960,16560,16600,15471800
2468,16980,16980,16660,16820,17177850
2469,16760,17060,16700,17040,13212700
2470,16540,16640,16420,16560,13594100
2471,16740,16800,16520,16540,12368800
2472,17100,17160,16820,16960,11005600
2473,17240,17240,16880,17100,18255200
2474,16700,16940,16660,16900,15424950
2475,16680,16680,16300,16560,20455700
2476,17180,17200,16540,16600,24897000
2477,17280,17320,16960,17120,13789450
2478,17140,17260,17060,17260,13466350
2479,17300,17380,17040,17180,19434000
2480,17480,17500,17220,17380,16514350
2481,17220,17400,17140,17400,15225800
2482,16920,17200,16820,17140,20953450
2483,16520,16900,16480,16900,28082950
2484,16280,16680,16260,16360,21715000
2485,16540,16580,16240,16280,12046700
2486,16200,16500,16200,16360,7783950
2487,16460,16500,16240,16400,10490100
2488,16300,16440,16180,16380,9497900
2489,16300,16500,16260,16380,15945800
2490,16140,16300,16100,16180,9932600
2491,16060,16080,15840,16020,9213200
2492,16020,16140,15960,16080,10724600
2493,15900,16140,15900,15940,15399750
2494,15440,15960,15420,15960,21857600
2495,15360,15400,15160,15300,16556850
2496,15640,15660,15280,15360,12585350
2497,15560,15680,15420,15560,10004000
2498,15800,15880,15560,15560,19640100
2499,15720,15740,15560,15680,11369150
